run,step,loss,s2p,p2p,commit,perplexity,lr,sec
M4_K64_res84,1,2.802435874938965,1.2584508657455444,1.4203031063079834,0.49472784996032715,1.0,0.0,1.9
M4_K64_res84,50,1.7857978343963623,0.9784360527992249,0.8013933897018433,0.02387334406375885,1.0,7.35e-06,4.5
M4_K64_res84,100,0.8532112836837769,0.5075673460960388,0.34190207719802856,0.014967396855354309,1.0,1.4849999999999998e-05,7.2
M4_K64_res84,150,0.5021160244941711,0.29638534784317017,0.20513518154621124,0.0023820456117391586,1.0,2.2349999999999998e-05,10.2
M4_K64_res84,200,0.33452367782592773,0.19901582598686218,0.1350216269493103,0.0019449159735813737,1.0,2.9849999999999997e-05,12.7
M4_K64_res84,1,2.802435874938965,1.2584508657455444,1.4203031063079834,0.49472784996032715,1.0,0.0,1.0
M4_K64_res84,50,1.7857873439788818,0.9784235954284668,0.8013952970504761,0.023873575031757355,1.0,7.35e-06,3.6
M4_K64_res84,100,0.8532050848007202,0.507563054561615,0.341900497674942,0.014965931884944439,1.0,1.4849999999999998e-05,6.2
M4_K64_res84,150,0.5021183490753174,0.2963871359825134,0.20513615012168884,0.0023804367519915104,1.0,2.2349999999999998e-05,8.7
M4_K64_res84,200,0.3345206379890442,0.1990143358707428,0.1350199282169342,0.0019455121364444494,1.0,2.9849999999999997e-05,11.2
M4_K64_res84,250,0.1918793022632599,0.11565505713224411,0.0761060118675232,0.00047287793131545186,14.531180381774902,3.734999999999999e-05,14.2
M4_K64_res84,300,0.0914493128657341,0.05686761811375618,0.03453763946890831,0.00017622625455260277,14.981141090393066,4.484999999999999e-05,16.9
M4_K64_res84,350,0.040105435997247696,0.024721523746848106,0.015346458181738853,0.00014981068670749664,10.270074844360352,5.234999999999999e-05,19.5
M4_K64_res84,400,0.01851881667971611,0.01055632159113884,0.007890056818723679,0.00028975025634281337,12.726766586303711,5.984999999999999e-05,22.0
M4_K64_res84,450,0.01181645318865776,0.006092642433941364,0.005642876029014587,0.00032373753492720425,10.693056106567383,6.735e-05,24.6
M4_K64_res84,500,0.007110726088285446,0.0035785746295005083,0.003506668610498309,0.00010193121124757454,19.643936157226562,7.485e-05,27.3
M4_K64_res84,550,0.00824118871241808,0.004332930780947208,0.003874561982229352,0.00013478315668180585,25.922422409057617,8.235e-05,30.3
M4_K64_res84,600,0.006987724453210831,0.0034321609418839216,0.003523224964737892,0.00012935390986967832,20.03179359436035,8.984999999999999e-05,32.9
M4_K64_res84,650,0.007279437500983477,0.003695692867040634,0.003534321440383792,0.0001976918283617124,23.341175079345703,9.735e-05,35.4
M4_K64_res84,700,0.005965651478618383,0.0029765390790998936,0.0029616709798574448,0.00010976477642543614,22.150094985961914,0.00010484999999999999,38.0
M4_K64_res84,750,0.006425075698643923,0.003257031785324216,0.00312349246814847,0.00017820490757003427,22.2674617767334,0.00011235,40.7
M4_K64_res84,800,0.006054281257092953,0.003132699290290475,0.0028857176657766104,0.00014345705858431756,20.988414764404297,0.00011984999999999999,43.7
M4_K64_res84,850,0.006456791423261166,0.003500043647363782,0.002930457703769207,0.00010516075417399406,19.611614227294922,0.00012734999999999998,46.2
M4_K64_res84,900,0.00394159322604537,0.001929268823005259,0.0019861627370119095,0.00010464728984516114,28.303024291992188,0.00013485,48.8
M4_K64_res84,950,0.0028594157192856073,0.0028273456264287233,0.0,0.00012828079343307763,17.199176788330078,0.00014234999999999996,51.3
M4_K64_res84,1000,0.003815264208242297,0.001765140681527555,0.0020122146233916283,0.00015163514763116837,16.983675003051758,0.00014984999999999998,54.0
M4_K64_res84,1050,0.0034831420052796602,0.0016928778495639563,0.001766508212313056,9.502396278548986e-05,26.748891830444336,0.00014999894336216446,57.0
M4_K64_res84,1100,0.004232173785567284,0.002166100312024355,0.0020439764484763145,8.838796929921955e-05,20.957921981811523,0.00014999568678364026,59.7
M4_K64_res84,1150,0.004049258306622505,0.0021102377213537693,0.001916197594255209,9.129212412517518e-05,17.78884506225586,0.0001499902299198881,62.3
M4_K64_res84,1200,0.004912743344902992,0.0026652831584215164,0.0022092757280915976,0.00015273707685992122,20.456762313842773,0.000149982572931006,64.9
M4_K64_res84,1250,0.0031100274063646793,0.001516586635261774,0.0015676531475037336,0.0001031500578392297,21.200532913208008,0.00014997271604164094,67.4
M4_K64_res84,1300,0.003100977512076497,0.0014560179552063346,0.0016055515734478831,0.0001576318172737956,27.329891204833984,0.00014996065954098252,70.2
M4_K64_res84,1350,0.0030234979931265116,0.0014507165178656578,0.0015545043861493468,7.310832006623968e-05,23.71499252319336,0.00014994640378275423,73.0
M4_K64_res84,1400,0.0038623884320259094,0.0021260229405015707,0.0017131644999608397,9.28043300518766e-05,23.16549301147461,0.0001499299491852033,75.6
M4_K64_res84,1450,0.0038630273193120956,0.0021058116108179092,0.0017274556448683143,0.00011904003622476012,21.182815551757812,0.00014991129623108824,78.3
M4_K64_res84,1500,0.002877399791032076,0.001399771892465651,0.001460991450585425,6.654558092122898e-05,18.298255920410156,0.00014989044546766475,80.9
M4_K64_res84,1550,0.004844412207603455,0.0027894238010048866,0.002009856980293989,0.0001805253268685192,19.436145782470703,0.00014986739750666976,83.9
M4_K64_res84,1600,0.003909837454557419,0.002068498870357871,0.0018001573625952005,0.00016472447896376252,19.796140670776367,0.00014984215302430332,86.7
M4_K64_res84,1650,0.003682217560708523,0.0020143191795796156,0.0016462013591080904,8.678810991114005e-05,29.513425827026367,0.0001498147127612088,89.4
M4_K64_res84,1700,0.002737114205956459,0.0013458321336656809,0.0013694310327991843,8.740487101022154e-05,24.778697967529297,0.00014978507752245126,92.1
M4_K64_res84,1750,0.0028671477921307087,0.0013491322752088308,0.0014874376356601715,0.00012231114669702947,27.05094337463379,0.0001497532481774938,94.8
M4_K64_res84,1800,0.004491603001952171,0.002383391372859478,0.0020877195056527853,8.196677663363516e-05,29.045833587646484,0.00014971922566017187,97.7
M4_K64_res84,1850,0.0028688758611679077,0.0013373575638979673,0.0014796667965129018,0.00020740518812090158,18.624956130981445,0.00014968301096866617,100.6
M4_K64_res84,1900,0.00345407472923398,0.0017026432324200869,0.001732750446535647,7.47238882468082e-05,32.27359390258789,0.00014964460516547312,103.3
M4_K64_res84,1950,0.003304207930341363,0.0016439581522718072,0.001643893076106906,6.542623304994777e-05,21.365232467651367,0.0001496040093773738,105.9
M4_K64_res84,2000,0.0026508287992328405,0.001253568334504962,0.0013802041066810489,6.82262543705292e-05,22.688621520996094,0.0001495612247954009,108.5
M4_K64_res84,2050,0.002490632003173232,0.0012081434251740575,0.0012679020874202251,5.83460605412256e-05,17.32124900817871,0.0001495162526748037,111.5
M4_K64_res84,2100,0.0024587628431618214,0.0012134892167523503,0.0012271736050024629,7.240028935484588e-05,23.31246566772461,0.00014946909433501135,114.4
M4_K64_res84,2150,0.0030043076258152723,0.0014212854439392686,0.0015521280001848936,0.00012357621744740754,26.611753463745117,0.000149419751159594,117.2
M4_K64_res84,2200,0.003015003865584731,0.001394903170876205,0.0015874806558713317,0.00013047998072579503,36.42627716064453,0.00014936822459622244,119.9
M4_K64_res84,2250,0.004087234381586313,0.0018927431665360928,0.0021800710819661617,5.768072878709063e-05,33.199073791503906,0.0001493145161566254,122.5
M4_K64_res84,2300,0.0031129647977650166,0.0014397746417671442,0.0016504505183547735,9.095892892219126e-05,25.604394912719727,0.0001492586274165453,125.3
M4_K64_res84,2350,0.0026336272712796926,0.0012615242740139365,0.0013349463697522879,0.00014862717944197357,18.698345184326172,0.00014920056001569207,128.2
M4_K64_res84,2400,0.002852040808647871,0.001322366762906313,0.001517315162345767,4.9435970140621066e-05,19.07802963256836,0.0001491403156576949,130.9
M4_K64_res84,2450,0.002784925512969494,0.001287476858124137,0.0014729872345924377,9.784538997337222e-05,17.381399154663086,0.0001490778961100524,133.7
M4_K64_res84,2500,0.0024084984324872494,0.0011266459478065372,0.0012598223984241486,8.812019950710237e-05,16.784719467163086,0.00014901330320408066,136.3
M4_K64_res84,2550,0.002401327947154641,0.0010630759643390775,0.0013282770523801446,3.990015829913318e-05,16.435352325439453,0.00014894653883485958,139.3
M4_K64_res84,2600,0.002125984523445368,0.000965129176620394,0.0011472885962575674,5.4267151426756755e-05,19.019729614257812,0.0001488776049611772,142.3
M4_K64_res84,2650,0.0024205613881349564,0.0010940503561869264,0.0013127881102263927,5.489213071996346e-05,23.498872756958008,0.0001488065036054723,144.9
M4_K64_res84,2700,0.0020767536479979753,0.0009274182375520468,0.0011271312832832336,8.881647954694927e-05,22.11741828918457,0.00014873323685377497,147.7
M4_K64_res84,2750,0.002339951926842332,0.0010939580388367176,0.0012279801303520799,7.205535803223029e-05,24.462554931640625,0.00014865780685564554,150.4
M4_K64_res84,2800,0.0019274374935775995,0.0009197209146805108,0.000996135175228119,4.632563650375232e-05,30.336702346801758,0.00014858021582411142,153.2
M4_K64_res84,2850,0.0020367081742733717,0.0009427694021724164,0.0010747875785455108,7.660459959879518e-05,21.668106079101562,0.00014850046603560223,156.2
M4_K64_res84,2900,0.0022963094525039196,0.001041510491631925,0.0012357275700196624,7.628518505953252e-05,14.469639778137207,0.00014841855982988293,159.0
M4_K64_res84,2950,0.0018889961065724492,0.0008652959950268269,0.0010049630654975772,7.494838064303622e-05,23.047243118286133,0.0001483344996099852,161.7
M4_K64_res84,3000,0.0017572891665622592,0.0008126974571496248,0.0009258667123503983,7.490037387469783e-05,14.805387496948242,0.00014824828784213708,164.5
M4_K64_res84,3050,0.0019533494487404823,0.0008698555757291615,0.0010548422578722239,0.00011460655514383689,29.83143424987793,0.0001481599270556904,167.4
M4_K64_res84,3100,0.0017754064174368978,0.0008077634847722948,0.0009573549032211304,4.1152106859954074e-05,21.838821411132812,0.00014806941984304666,170.4
M4_K64_res84,3150,0.0016829154919832945,0.0007799827726557851,0.0008921960252337158,4.2947212932631373e-05,30.714813232421875,0.00014797676885958103,173.3
M4_K64_res84,3200,0.0021326288115233183,0.000959888391662389,0.0011413783067837358,0.0001254479866474867,21.004343032836914,0.00014788197682356435,176.0
M4_K64_res84,3250,0.0015774571802467108,0.00073780253296718,0.0008245354401879013,6.0476835642475635e-05,27.10559844970703,0.00014778504651608352,178.7
M4_K64_res84,3300,0.0015488297212868929,0.0007094895117916167,0.0008272089762613177,4.8524878366151825e-05,24.481319427490234,0.00014768598078095964,181.5
M4_K64_res84,3350,0.0014986585592851043,0.0006744000711478293,0.0008128874469548464,4.548460856312886e-05,22.122539520263672,0.0001475847825246649,184.6
M4_K64_res84,3400,0.0015037653502076864,0.0006758067174814641,0.0008096597157418728,7.319521682802588e-05,27.059921264648438,0.00014748145471623706,187.3
M4_K64_res84,3450,0.0015077362768352032,0.0006600862252525985,0.0008380836225114763,3.826592364930548e-05,25.12706184387207,0.00014737600038719254,190.0
M4_K64_res84,3500,0.0013860136969015002,0.0006514247506856918,0.0007218646351248026,5.0897098844870925e-05,30.637666702270508,0.00014726842263143718,192.7
M4_K64_res84,3550,0.0014489575987681746,0.0006593222497031093,0.0007752958917990327,5.7357865443918854e-05,15.374743461608887,0.00014715872460517587,195.7
M4_K64_res84,3600,0.00138008501380682,0.000629355083219707,0.0007316033006645739,7.65064760344103e-05,15.514573097229004,0.00014704690952681968,198.8
M4_K64_res84,3650,0.001498683704994619,0.0006622697692364454,0.0008232732652686536,5.2562449127435684e-05,14.413592338562012,0.0001469329806768914,201.6
M4_K64_res84,3700,0.001290281768888235,0.0006006666226312518,0.0006770357140339911,5.0317405111854896e-05,27.050291061401367,0.0001468169413979295,204.3
M4_K64_res84,3750,0.001362369628623128,0.0006169054540805519,0.0007282454171217978,6.887507333885878e-05,18.644824981689453,0.0001466987950943899,207.0
M4_K64_res84,3800,0.0013256884412840009,0.0006117562297731638,0.0006942109321244061,7.888529216870666e-05,19.551342010498047,0.00014657854523254617,209.8
M4_K64_res84,3850,0.0012660440988838673,0.0005979692214168608,0.0006535660359077156,5.803540625493042e-05,24.134109497070312,0.00014645619534038782,212.8
M4_K64_res84,3900,0.00135589181445539,0.0006363671855069697,0.0006939625018276274,0.00010224828292848542,32.489219665527344,0.00014633174900751677,215.5
M4_K64_res84,3950,0.001340309390798211,0.0006050640949979424,0.0007205837173387408,5.8646404795581475e-05,35.390010833740234,0.000146205209885042,218.2
M4_K64_res84,4000,0.0012999336468055844,0.0005840501398779452,0.0006998340249992907,6.419781129807234e-05,34.90048599243164,0.00014607658168547247,220.9
M4_K64_res84,4050,0.001222145278006792,0.0005711319390684366,0.0006355358636938035,6.190950080053881e-05,31.470462799072266,0.00014594586818260835,223.9
M4_K64_res84,4100,0.0012278036447241902,0.0005758411716669798,0.0006343518034555018,7.044304220471531e-05,34.43733215332031,0.00014581307321142993,227.0
M4_K64_res84,4150,0.0012246975675225258,0.00057837093481794,0.0006300793611444533,6.49892317596823e-05,37.68562316894531,0.00014567820066798553,229.7
M4_K64_res84,4200,0.0011979872360825539,0.0005500534316524863,0.0006291521713137627,7.512635784223676e-05,31.751201629638672,0.0001455412545092769,232.5
M4_K64_res84,4250,0.0013504954986274242,0.0006545856595039368,0.0006729657179675996,9.177617903333157e-05,36.70833206176758,0.0001454022387531432,235.2
M4_K64_res84,4300,0.0013752265367656946,0.0006884398171678185,0.0006646639667451382,8.849108417052776e-05,32.594383239746094,0.0001452611574781432,238.0
M4_K64_res84,4350,0.0015838579274713993,0.0007497247424907982,0.0008102073334157467,9.570377733325586e-05,24.059226989746094,0.00014511801482343557,241.0
M4_K64_res84,4400,0.0014993316726759076,0.0006963977939449251,0.0007728231721557677,0.00012044293544022366,31.820907592773438,0.0001449728149886574,243.7
M4_K64_res84,4450,0.0020174416713416576,0.0009512642864137888,0.0010249150218442082,0.00016504871018696576,27.299484252929688,0.000144825562233801,246.4
M4_K64_res84,4500,0.0012954628327861428,0.000619026948697865,0.0006494636181741953,0.00010788915824377909,30.626136779785156,0.00014467626087908905,249.2
M4_K64_res84,4550,0.002247399650514126,0.001206316170282662,0.0008801286458037794,0.0006438199197873473,9.23880672454834,0.00014452491530484755,252.2
M4_K64_res84,4600,0.001980222063139081,0.0009566009975969791,0.000980192213319242,0.00017371505964547396,19.979848861694336,0.00014437152995137775,255.3
M4_K64_res84,4650,0.0032387790270149708,0.0016893662977963686,0.0014191787922754884,0.0005209356313571334,15.712236404418945,0.00014421610931882538,258.1
M4_K64_res84,4700,0.0021415625233203173,0.0010617465013638139,0.0010058754123747349,0.00029576278757303953,14.373955726623535,0.00014405865796704898,260.8
M4_K64_res84,4750,0.003627512603998184,0.0018455267418175936,0.001641059760004282,0.0005637044087052345,15.510268211364746,0.00014389918051548604,263.5
M4_K64_res84,4800,0.003993561025708914,0.002031158423051238,0.0018388418247923255,0.0004942439263686538,18.441652297973633,0.00014373768164301735,266.3
M4_K64_res84,4850,0.008433702401816845,0.004307802766561508,0.004044386092573404,0.0003260565281379968,20.927812576293945,0.00014357416608782984,269.3
M4_K64_res84,4900,0.007808239199221134,0.003997932653874159,0.0035444924142211676,0.0010632583871483803,16.15651512145996,0.00014340863864727754,272.0
M4_K64_res84,4950,0.0032239274587482214,0.0018082017777487636,0.0012224046513438225,0.0007732832455076277,19.885488510131836,0.00014324110417774088,274.7
M4_K64_res84,5000,0.01572931744158268,0.007922782562673092,0.007472871337085962,0.0013346521882340312,23.16224479675293,0.00014307156759448407,277.4
M4_K64_res84,5050,0.013054287061095238,0.007728210184723139,0.004741115029901266,0.002339849015697837,18.372838973999023,0.00014290003387151107,280.4
M4_K64_res84,5100,0.019828584045171738,0.010591859929263592,0.008797531016170979,0.001756776007823646,19.069984436035156,0.00014272650804141946,283.3
M4_K64_res84,5150,0.02228996343910694,0.011681681498885155,0.010307077318429947,0.0012048191856592894,19.288331985473633,0.00014255099519525302,286.1
M4_K64_res84,5200,0.006117973942309618,0.004967149812728167,0.0,0.004603296052664518,14.030428886413574,0.0001423735004823522,288.9
M4_K64_res84,5250,0.036305367946624756,0.01846092939376831,0.016133923083543777,0.006842056289315224,18.943115234375,0.00014219402911020302,291.6
M4_K64_res84,5300,0.03451735898852348,0.016295231878757477,0.0160055048763752,0.008866489864885807,17.350557327270508,0.00014201258634428444,294.4
M4_K64_res84,5350,0.013302875682711601,0.00739714689552784,0.003597937524318695,0.009231166914105415,14.090242385864258,0.0001418291775079138,297.5
M4_K64_res84,5400,0.044376127421855927,0.02254510298371315,0.019486121833324432,0.009379617869853973,19.89763832092285,0.00014164380798209058,300.2
M4_K64_res84,5450,0.015545880421996117,0.00884189736098051,0.004405273590236902,0.009194836020469666,17.65924072265625,0.00014145648320533857,303.0
M4_K64_res84,5500,0.032681696116924286,0.01746813766658306,0.013280151411890984,0.007733632810413837,25.752025604248047,0.0001412672086735464,305.6
M4_K64_res84,5550,0.1456601768732071,0.07547949254512787,0.06761638820171356,0.01025720126926899,33.549861907958984,0.0001410759899398062,308.6
M4_K64_res84,5600,0.039478421211242676,0.021150995045900345,0.01523644383996725,0.012363930232822895,23.14845848083496,0.00014088283261425063,311.8
M4_K64_res84,5650,0.17618374526500702,0.089926578104496,0.08329448848962784,0.011850737035274506,33.87028121948242,0.0001406877423638884,314.5
M4_K64_res84,5700,0.03429092839360237,0.01944216899573803,0.010206110775470734,0.018570594489574432,26.64434814453125,0.00014049072491243794,317.2
M4_K64_res84,5750,0.04646869748830795,0.02476348541676998,0.015804406255483627,0.023603232577443123,26.15715980529785,0.0001402917860401596,319.9
M4_K64_res84,5800,0.10561133921146393,0.05615401640534401,0.04397053271532059,0.021947158500552177,35.55550765991211,0.00014009093158368578,322.8
M4_K64_res84,5850,0.12187136709690094,0.06149151548743248,0.05346457287669182,0.027661122381687164,33.803707122802734,0.00013988816743584997,325.7
M4_K64_res84,5900,0.13146407902240753,0.06883008778095245,0.05529423803091049,0.029359033331274986,35.970523834228516,0.00013968349954551377,328.5
M4_K64_res84,5950,0.21755319833755493,0.11008255928754807,0.10137652605772018,0.02437647432088852,36.39784622192383,0.00013947693391739232,331.2
M4_K64_res84,6000,0.17045912146568298,0.08642952889204025,0.0736091136932373,0.04168187081813812,38.41859817504883,0.00013926847661187812,334.0
M4_K64_res84,6050,0.3531174957752228,0.17847785353660583,0.1643836945295334,0.04102383926510811,41.24813461303711,0.00013905813374486334,337.0
M4_K64_res84,6100,0.08567878603935242,0.0474291667342186,0.0236350204795599,0.05845838040113449,34.57387161254883,0.00013884591148756017,339.9
M4_K64_res84,6150,0.31731322407722473,0.16001303493976593,0.14238403737545013,0.05966460332274437,39.46615219116211,0.0001386318160663201,342.7
M4_K64_res84,6200,0.1374768167734146,0.07312528043985367,0.04702417925000191,0.06930942088365555,36.408756256103516,0.00013841585376245084,345.4
M4_K64_res84,6250,0.37297961115837097,0.19065110385417938,0.1665286123752594,0.06319968402385712,43.91020965576172,0.00013819803091203242,348.1
M4_K64_res84,6300,0.17835327982902527,0.10042963922023773,0.048939384520053864,0.11593697965145111,34.330963134765625,0.00013797835390573095,350.9
M4_K64_res84,6350,0.1713390052318573,0.09529432654380798,0.0467611625790596,0.11713407188653946,34.74851989746094,0.0001377568291886114,353.8
M4_K64_res84,6400,0.28046613931655884,0.14713582396507263,0.11252738535404205,0.08321163803339005,46.29367446899414,0.00013753346325994843,356.7
M4_K64_res84,6450,0.1889972686767578,0.10155624896287918,0.05092489346861839,0.14606454968452454,36.397708892822266,0.00013730826267303558,359.4
M4_K64_res84,6500,0.24756628274917603,0.13802403211593628,0.07653393596410751,0.13203322887420654,37.67889404296875,0.00013708123403499312,362.1
M4_K64_res84,6550,0.43852049112319946,0.23739245533943176,0.1730661392211914,0.11224760860204697,45.5633430480957,0.0001368523840065743,365.1
M4_K64_res84,6600,0.14302495121955872,0.08119162172079086,0.01857680454850197,0.17302608489990234,30.484634399414062,0.0001366217193019697,368.0
M4_K64_res84,6650,0.1433049440383911,0.07922843098640442,0.015685806050896645,0.1935628354549408,30.523155212402344,0.0001363892466886104,370.8
M4_K64_res84,6700,0.15484338998794556,0.08739503473043442,0.015505922958254814,0.2077697217464447,28.63739013671875,0.0001361549729869694,373.6
M4_K64_res84,6750,0.24573083221912384,0.13796965777873993,0.059406016021966934,0.1934206634759903,35.29776382446289,0.00013591890507036155,376.3
M4_K64_res84,6800,0.30367130041122437,0.1611815094947815,0.10016880929470062,0.16928380727767944,37.3560676574707,0.0001356810498647418,379.1
M4_K64_res84,6850,0.4447139799594879,0.22887451946735382,0.1742464154958725,0.16637222468852997,39.7613410949707,0.00013544141434850205,382.0
M4_K64_res84,6900,0.3278464674949646,0.17462268471717834,0.11018374562263489,0.17216011881828308,41.22738265991211,0.0001352000055522665,384.9
M4_K64_res84,6950,0.5398417711257935,0.276328444480896,0.2172129601240158,0.18520143628120422,43.956424713134766,0.0001349568305586852,387.5
M4_K64_res84,7000,0.17261996865272522,0.09505286067724228,0.01823519542813301,0.2373276650905609,31.650346755981445,0.00013471189650222644,390.2
M4_K64_res84,7050,0.39560192823410034,0.20777323842048645,0.14292366802692413,0.17961999773979187,41.241329193115234,0.0001344652105689673,393.2
M4_K64_res84,7100,0.1528535783290863,0.09143257141113281,0.0,0.24568402767181396,27.7091007232666,0.00013421677999638282,396.3
M4_K64_res84,7150,0.18400943279266357,0.10474669933319092,0.0204831101000309,0.23511850833892822,32.337890625,0.0001339666120731338,399.2
M4_K64_res84,7200,0.22146432101726532,0.11561374366283417,0.0625697672367096,0.17312325537204742,35.39471435546875,0.0001337147141388528,401.9
M4_K64_res84,7250,0.164992094039917,0.09172558784484863,0.019059857353568077,0.21682658791542053,32.01590347290039,0.0001334610935839289,404.6
M4_K64_res84,7300,0.20505309104919434,0.12025171518325806,0.017646729946136475,0.26861855387687683,31.082124710083008,0.00013320575784929085,407.5
M4_K64_res84,7350,0.46805107593536377,0.24103130400180817,0.1805601418018341,0.1858385056257248,45.980804443359375,0.0001329487144261887,410.5
M4_K64_res84,7400,0.29395949840545654,0.15902191400527954,0.07916152477264404,0.22310419380664825,39.68601608276367,0.0001326899708559741,413.3
M4_K64_res84,7450,0.3568934202194214,0.18858037889003754,0.11207196116447449,0.22496436536312103,42.90802001953125,0.0001324295347298791,416.0
M4_K64_res84,7500,0.2736040949821472,0.14923235774040222,0.061205700039863586,0.25266411900520325,35.563846588134766,0.00013216741368879317,418.7
M4_K64_res84,7550,0.2874840497970581,0.1552790254354477,0.06855311989784241,0.2546076476573944,35.34236145019531,0.00013190361542303935,421.6
M4_K64_res84,7600,0.22265133261680603,0.12414887547492981,0.026509881019592285,0.28797027468681335,32.890342712402344,0.00013163814767214844,424.6
M4_K64_res84,7650,0.2558337152004242,0.13941490650177002,0.05252271145582199,0.25558438897132874,38.51960754394531,0.00013137101822463198,427.5
M4_K64_res84,7700,0.5150056481361389,0.2683694660663605,0.1985716074705124,0.19225838780403137,42.6705207824707,0.00013110223491775367,430.2
M4_K64_res84,7750,0.5578721165657043,0.2934655547142029,0.2123880833387375,0.2080739438533783,42.78665542602539,0.00013083180563729958,432.9
M4_K64_res84,7800,0.2508830726146698,0.14225193858146667,0.04182688891887665,0.2672169804573059,34.720619201660156,0.0001305597383173467,435.8
M4_K64_res84,7850,0.2922137379646301,0.16123855113983154,0.06768151372671127,0.2531746029853821,42.223419189453125,0.00013028604094003009,438.8
M4_K64_res84,7900,0.19740864634513855,0.11051249504089355,0.02696084976196289,0.23974120616912842,34.303504943847656,0.00013001072153530886,441.7
M4_K64_res84,7950,0.4856904447078705,0.2528408169746399,0.18483966588974,0.1920398771762848,42.278629302978516,0.00012973378818073047,444.4
M4_K64_res84,8000,0.3350899815559387,0.18168553709983826,0.09718751162290573,0.22486776113510132,44.740535736083984,0.00012945524900119377,447.1
M4_K64_res84,8050,0.34404119849205017,0.18793965876102448,0.09806639701128006,0.23214052617549896,41.638484954833984,0.0001291751121687106,450.0
M4_K64_res84,8100,0.25626176595687866,0.14790591597557068,0.048739638179540634,0.23846477270126343,36.938262939453125,0.0001288933859021661,453.0
M4_K64_res84,8150,0.29707837104797363,0.161229208111763,0.06393466144800186,0.2876579165458679,36.591861724853516,0.0001286100784670776,455.8
M4_K64_res84,8200,0.37143421173095703,0.207782581448555,0.096867136657238,0.2671380639076233,43.73775100708008,0.0001283251981753518,458.6
M4_K64_res84,8250,0.3202388286590576,0.17803849279880524,0.07073196023702621,0.28587356209754944,42.33929443359375,0.00012803875338504144,461.3
M4_K64_res84,8300,0.20867334306240082,0.12018053978681564,0.027447417378425598,0.2441815882921219,36.30717849731445,0.00012775075250009974,464.1
M4_K64_res84,8350,0.3895978033542633,0.20947447419166565,0.12253004312515259,0.23037317395210266,38.42234420776367,0.00012746120397013377,467.0
M4_K64_res84,8400,0.21259421110153198,0.12031006067991257,0.022940438240766525,0.27737489342689514,33.741111755371094,0.00012717011629015688,469.8
M4_K64_res84,8450,0.3462938070297241,0.1936534345149994,0.0929734855890274,0.23866750299930573,42.277976989746094,0.0001268774980003391,472.5
M4_K64_res84,8500,0.27041324973106384,0.15550009906291962,0.04187123104929924,0.29216766357421875,37.32453155517578,0.00012658335768575687,475.2
M4_K64_res84,8550,0.49568384885787964,0.26246193051338196,0.17632190883159637,0.22760003805160522,42.32783889770508,0.000126287703976141,478.1
M4_K64_res84,8600,0.5675570964813232,0.2977137863636017,0.21610650420188904,0.21494722366333008,43.123748779296875,0.00012599054554562352,481.1
M4_K64_res84,8650,0.4847215414047241,0.2577555775642395,0.17060649394989014,0.22543783485889435,45.85395431518555,0.00012569189111248321,484.1
M4_K64_res84,8700,0.4531540274620056,0.24082481861114502,0.14880335330963135,0.254103422164917,42.52012634277344,0.00012539174943888983,486.8
M4_K64_res84,8750,0.3675622344017029,0.20144227147102356,0.10902374982833862,0.228384867310524,43.85728073120117,0.000125090129330647,489.6
M4_K64_res84,8800,0.22379618883132935,0.13264453411102295,0.03591344878077507,0.22095277905464172,39.216400146484375,0.00012478703963693388,492.4
M4_K64_res84,8850,0.2763725519180298,0.15686941146850586,0.07084474712610245,0.1946335881948471,38.79706954956055,0.00012448248925004557,495.4
M4_K64_res84,8900,0.40826570987701416,0.22708448767662048,0.12400378286838531,0.2287096381187439,43.229469299316406,0.00012417648710513207,498.2
M4_K64_res84,8950,0.5361158847808838,0.2917378544807434,0.19009484350681305,0.21713276207447052,45.90377426147461,0.00012386904217993644,500.9
M4_K64_res84,9000,0.33104604482650757,0.20087473094463348,0.06740991026163101,0.2510456442832947,39.286109924316406,0.00012356016349453105,503.6
M4_K64_res84,9050,0.6373156905174255,0.3421822190284729,0.23859819769859314,0.22614116966724396,44.83371353149414,0.00012324986011105323,506.6
M4_K64_res84,9100,0.24872611463069916,0.14897552132606506,0.02133956551551819,0.3136441111564636,35.410484313964844,0.0001229381411334392,509.6
M4_K64_res84,9150,0.2741893231868744,0.16133973002433777,0.05015871301293373,0.25076353549957275,34.66633224487305,0.00012262501570715705,512.4
M4_K64_res84,9200,0.2369258850812912,0.14329832792282104,0.0368078351020813,0.22727888822555542,37.71110153198242,0.00012231049301893846,515.2
M4_K64_res84,9250,0.3117649257183075,0.18024548888206482,0.07263641804456711,0.23553206026554108,40.35434341430664,0.00012199458229650908,517.9
M4_K64_res84,9300,0.2609957754611969,0.15633147954940796,0.04412173107266426,0.24217022955417633,33.80390167236328,0.0001216772928083179,520.7
M4_K64_res84,9350,0.19889816641807556,0.12166780233383179,0.02290649525821209,0.21729548275470734,32.08981704711914,0.00012135863386326525,523.7
M4_K64_res84,9400,0.5775363445281982,0.3111126124858856,0.21492189168930054,0.20600759983062744,44.56402587890625,0.00012103861481042973,526.5
M4_K64_res84,9450,0.24367845058441162,0.14313627779483795,0.03417501598596573,0.26546862721443176,36.054996490478516,0.00012071724503879389,529.2
M4_K64_res84,9500,0.3724610209465027,0.2156497985124588,0.10252095013856888,0.21716110408306122,41.971683502197266,0.00012039453397696879,531.9
M4_K64_res84,9550,0.3869796097278595,0.21824222803115845,0.11801382154226303,0.2028942108154297,43.6029167175293,0.00012007049109291732,534.9
M4_K64_res84,9600,0.3165172338485718,0.17308107018470764,0.08597881346940994,0.22982938587665558,41.73435592651367,0.00011974512589367652,537.8
M4_K64_res84,9650,0.35058334469795227,0.1994074583053589,0.09757468104362488,0.21440482139587402,41.62651824951172,0.00011941844792507861,540.6
M4_K64_res84,9700,0.38280439376831055,0.2077522575855255,0.12430372834205627,0.20299367606639862,41.84938049316406,0.0001190904667714709,543.3
M4_K64_res84,9750,0.4969339370727539,0.2598918676376343,0.1799631416797638,0.22831565141677856,45.0330924987793,0.00011876119205543457,546.0
M4_K64_res84,9800,0.5703495740890503,0.3091822564601898,0.20950248837471008,0.20665937662124634,46.184513092041016,0.00011843063343750247,548.8
M4_K64_res84,9850,0.555428147315979,0.2926776111125946,0.22231388092041016,0.16174651682376862,43.1650390625,0.00011809880061587559,551.8
M4_K64_res84,9900,0.6037682294845581,0.31600767374038696,0.24106590449810028,0.18677860498428345,44.222412109375,0.00011776570332613855,554.6
M4_K64_res84,9950,0.2004185914993286,0.1165304183959961,0.033491458743810654,0.20158684253692627,39.21517562866211,0.000117431351340974,557.4
M4_K64_res84,10000,0.3577589988708496,0.1984492838382721,0.11043038219213486,0.19551731646060944,40.67099380493164,0.00011709575446987587,560.1
M4_K64_res84,10050,0.5202105045318604,0.2803628444671631,0.19197875261306763,0.19147571921348572,44.84406280517578,0.00011675892255886156,563.1
M4_K64_res84,10100,0.287766695022583,0.16693788766860962,0.06607223302125931,0.2190263718366623,38.5455322265625,0.0001164208654901831,566.0
M4_K64_res84,10150,0.21165013313293457,0.12811259925365448,0.027486547827720642,0.22420397400856018,38.35670852661133,0.00011608159318203721,568.9
M4_K64_res84,10200,0.4449361562728882,0.23864072561264038,0.16481678187847137,0.16591452062129974,45.276729583740234,0.00011574111558827429,571.6
M4_K64_res84,10250,0.20287838578224182,0.12377841770648956,0.030130911618471146,0.19587621092796326,38.468265533447266,0.00011539944269810647,574.3
M4_K64_res84,10300,0.4067934453487396,0.22760798037052155,0.12659983336925507,0.21034252643585205,38.560672760009766,0.00011505658453581433,577.1
M4_K64_res84,10350,0.22768598794937134,0.1369505226612091,0.034110214561223984,0.2265009582042694,38.17280197143555,0.00011471255116045309,580.0
M4_K64_res84,10400,0.2992617189884186,0.16357587277889252,0.08842267096042633,0.18905265629291534,40.765071868896484,0.00011436735266555725,582.8
M4_K64_res84,10450,0.36421719193458557,0.20337703824043274,0.11392493546009064,0.18766078352928162,44.345890045166016,0.00011402099917884459,585.5
M4_K64_res84,10500,0.2838667929172516,0.1593058854341507,0.08040960133075714,0.1766051948070526,41.37059783935547,0.00011367350086191895,588.3
M4_K64_res84,10550,0.5303838849067688,0.2768212854862213,0.21283650398254395,0.16290447115898132,48.225460052490234,0.00011332486790997215,591.3
M4_K64_res84,10600,0.2519744038581848,0.14706583321094513,0.05442172288894653,0.2019474059343338,39.50603103637695,0.00011297511055148493,594.3
M4_K64_res84,10650,0.3048558831214905,0.16678424179553986,0.10301167517900467,0.1402398645877838,41.736942291259766,0.00011262423904792673,597.1
M4_K64_res84,10700,0.38334813714027405,0.20541603863239288,0.1351262331008911,0.17122352123260498,43.249263763427734,0.00011227226369345466,599.9
M4_K64_res84,10750,0.17754799127578735,0.1043701171875,0.03552117943763733,0.15062680840492249,35.10470962524414,0.00011191919481461162,602.6
M4_K64_res84,10800,0.3159642517566681,0.17295315861701965,0.09628510475158691,0.1869039535522461,46.74728012084961,0.00011156504277002318,605.4
M4_K64_res84,10850,0.5808041095733643,0.30057820677757263,0.24668686091899872,0.13415613770484924,41.9341926574707,0.0001112098179500937,608.3
M4_K64_res84,10900,0.47458139061927795,0.24705730378627777,0.18503835797309875,0.16994300484657288,40.565128326416016,0.00011085353077670151,611.2
M4_K64_res84,10950,0.12390494346618652,0.07932543009519577,0.0,0.1783180683851242,35.85359573364258,0.00011049619170289316,613.9
M4_K64_res84,11000,0.4579220414161682,0.2422839105129242,0.17565272748470306,0.1599416434764862,45.644866943359375,0.00011013781121257675,616.6
M4_K64_res84,11050,0.2920461595058441,0.15726426243782043,0.09542258083820343,0.15743716061115265,42.45586395263672,0.00010977839982021423,619.5
M4_K64_res84,11100,0.1772080957889557,0.09888933598995209,0.04263865575194359,0.14272040128707886,40.42817687988281,0.00010941796807051307,622.5
M4_K64_res84,11150,0.22245942056179047,0.12652729451656342,0.057567812502384186,0.15345722436904907,40.39683532714844,0.00010905652653811684,625.3
M4_K64_res84,11200,0.6293730139732361,0.32121652364730835,0.27097657322883606,0.14871962368488312,44.85613250732422,0.00010869408582729484,628.1
M4_K64_res84,11250,0.37379375100135803,0.19864262640476227,0.132269948720932,0.17152467370033264,40.67774200439453,0.00010833065657163127,630.8
M4_K64_res84,11300,0.1352997124195099,0.08004237711429596,0.015408338978886604,0.1593959778547287,38.5022087097168,0.00010796624943371285,633.6
M4_K64_res84,11350,0.185737743973732,0.10533444583415985,0.03670520707964897,0.1747923493385315,38.76567840576172,0.00010760087510481641,636.6
M4_K64_res84,11400,0.34424811601638794,0.182159885764122,0.12757812440395355,0.1380404531955719,41.52485275268555,0.0001072345443045949,639.4
M4_K64_res84,11450,0.6383542418479919,0.3292369246482849,0.2721578776836395,0.14783790707588196,39.3983039855957,0.0001068672677807631,642.1
M4_K64_res84,11500,0.13294139504432678,0.07773701846599579,0.018719488754868507,0.14593958854675293,38.08772659301758,0.00010649905630878215,644.8
M4_K64_res84,11550,0.19338533282279968,0.11386103928089142,0.040115609765052795,0.15763472020626068,37.1627197265625,0.00010612992069154347,647.7
M4_K64_res84,11600,0.19529657065868378,0.10888536274433136,0.051082171499729156,0.14131611585617065,41.29077911376953,0.00010575987175905187,650.7
M4_K64_res84,11650,0.37230536341667175,0.19385236501693726,0.1521793156862259,0.10509482026100159,45.970027923583984,0.00010538892036810768,653.6
M4_K64_res84,11700,0.48647359013557434,0.24919822812080383,0.20599989593029022,0.1251019388437271,44.39118576049805,0.00010501707740198834,656.3
M4_K64_res84,11750,0.1838330179452896,0.10689695179462433,0.03679800033569336,0.1605522632598877,38.046051025390625,0.00010464435377012907,659.1
M4_K64_res84,11800,0.43815967440605164,0.2275717407464981,0.18381179869174957,0.10710453987121582,43.30452346801758,0.00010427076040780277,661.9
M4_K64_res84,11850,0.08338034152984619,0.05452699959278107,0.0,0.1154133528470993,41.24842071533203,0.00010389630827579921,664.8
M4_K64_res84,11900,0.3808230459690094,0.20005670189857483,0.15387976169586182,0.1075463742017746,41.704017639160156,0.00010352100836010344,667.6
M4_K64_res84,11950,0.15365026891231537,0.08836673945188522,0.03430437669157982,0.1239166408777237,42.57637023925781,0.00010314487167157346,670.3
M4_K64_res84,12000,0.12842991948127747,0.07087530195713043,0.030947929248213768,0.10642676800489426,38.202728271484375,0.0001027679092456173,673.0
M4_K64_res84,12050,0.4060032367706299,0.21062274277210236,0.16561086475849152,0.11907851696014404,42.58504867553711,0.00010239013214186909,675.9
M4_K64_res84,12100,0.10873234272003174,0.06526847928762436,0.016158442944288254,0.10922171175479889,38.689605712890625,0.0001020115514438646,678.8
M4_K64_res84,12150,0.127171128988266,0.07188725471496582,0.030298566445708275,0.09994124621152878,40.45594787597656,0.00010163217825871618,681.7
M4_K64_res84,12200,0.2994661331176758,0.159476637840271,0.11895661801099777,0.08413143455982208,41.58843231201172,0.00010125202371678683,684.3
M4_K64_res84,12250,0.5866252183914185,0.2985963523387909,0.2619933784008026,0.10414202511310577,40.4736328125,0.0001008710989713636,687.0
M4_K64_res84,12300,0.30374762415885925,0.15521545708179474,0.12535391747951508,0.09271295368671417,41.06476974487305,0.0001004894151983304,689.8
M4_K64_res84,12350,0.4325920641422272,0.2220027893781662,0.18970775604248047,0.08352603018283844,43.61503982543945,0.0001001069835958401,692.7
M4_K64_res84,12400,0.14361275732517242,0.07678544521331787,0.045576468110084534,0.08500339835882187,40.64216232299805,9.972381538398611e-05,695.6
M4_K64_res84,12450,0.478872150182724,0.2421559989452362,0.21136756241321564,0.10139425098896027,49.37188720703125,9.933992180447298e-05,698.3
M4_K64_res84,12500,0.1798357367515564,0.09195166826248169,0.06793932616710663,0.0797789990901947,45.31689453125,9.895531412028674e-05,701.0
M4_K64_res84,12550,0.45584654808044434,0.23279878497123718,0.19789688289165497,0.10060364007949829,44.22553253173828,9.857000361536437e-05,703.9
M4_K64_res84,12600,0.1890144795179367,0.1031787246465683,0.05975235626101494,0.1043335571885109,44.499717712402344,9.818400159426287e-05,707.0
M4_K64_res84,12650,0.364178866147995,0.1895424872636795,0.15060587227344513,0.09612203389406204,44.203346252441406,9.779731938182745e-05,709.8
M4_K64_res84,12700,0.15512385964393616,0.0831076130270958,0.047720108181238174,0.09718456864356995,38.983943939208984,9.740996832285933e-05,712.5
M4_K64_res84,12750,0.11101141571998596,0.05953998491168022,0.03158414736390114,0.07954911887645721,43.78831100463867,9.70219597817829e-05,715.3
M4_K64_res84,12800,0.1270744502544403,0.06795721501111984,0.034057144075632095,0.1002403199672699,41.63785171508789,9.663330514231235e-05,718.0
M4_K64_res84,12850,0.25306859612464905,0.12939801812171936,0.09953781217336655,0.09653101116418839,39.74119567871094,9.624401580711759e-05,721.0
M4_K64_res84,12900,0.33138734102249146,0.17226016521453857,0.13849589228630066,0.08252514898777008,44.971046447753906,9.585410319748976e-05,723.8
M4_K64_res84,12950,0.16494739055633545,0.08669901639223099,0.054369911551475525,0.09551379829645157,42.69950485229492,9.546357875300615e-05,726.5
M4_K64_res84,13000,0.2927343249320984,0.15447625517845154,0.10617617517709732,0.12832756340503693,42.866973876953125,9.507245393119454e-05,729.3
M4_K64_res84,13050,0.171112522482872,0.09355714172124863,0.05148427188396454,0.10428446531295776,42.662139892578125,9.468074020719715e-05,732.2
M4_K64_res84,13100,0.12658041715621948,0.07202960550785065,0.027667319402098656,0.10753396153450012,37.92724609375,9.428844907343381e-05,735.1
M4_K64_res84,13150,0.19935546815395355,0.10468122363090515,0.07344739884138107,0.08490733057260513,43.76038360595703,9.389559203926488e-05,738.0
M4_K64_res84,13200,0.47727224230766296,0.2424129843711853,0.20638620853424072,0.11389224976301193,45.3250732421875,9.350218063065368e-05,740.7
M4_K64_res84,13250,0.22915254533290863,0.11985132098197937,0.08202831447124481,0.10909163951873779,44.76565170288086,9.310822638982807e-05,743.4
M4_K64_res84,13300,0.1505885124206543,0.08439920097589493,0.03881990909576416,0.10947757959365845,37.578487396240234,9.271374087494208e-05,746.2
M4_K64_res84,13350,0.598853588104248,0.2999180257320404,0.2735254466533661,0.10164058208465576,43.4381217956543,9.231873565973661e-05,749.2
M4_K64_res84,13400,0.3078640103340149,0.1638907790184021,0.11817310750484467,0.10320049524307251,41.87604522705078,9.192322233320005e-05,752.1
M4_K64_res84,13450,0.34886202216148376,0.1796559989452362,0.14606745541095734,0.09255421906709671,35.843101501464844,9.152721249922813e-05,754.8
M4_K64_res84,13500,0.35082751512527466,0.18362800776958466,0.1399708390235901,0.1089145690202713,45.21438217163086,9.113071777628351e-05,757.6
M4_K64_res84,13550,0.2811554968357086,0.14934898912906647,0.10190549492835999,0.11960403621196747,42.18524169921875,9.073374979705492e-05,760.5
M4_K64_res84,13600,0.3757021427154541,0.18836113810539246,0.16128003597259521,0.10424381494522095,45.87017822265625,9.033632020811595e-05,763.4
M4_K64_res84,13650,0.24272657930850983,0.12632589042186737,0.09125387668609619,0.10058726370334625,44.21954345703125,8.993844066958317e-05,766.3
M4_K64_res84,13700,0.19254714250564575,0.10731617361307144,0.057152532041072845,0.11231377720832825,43.40381622314453,8.95401228547742e-05,769.1
M4_K64_res84,13750,0.2492746114730835,0.13978098332881927,0.08032938092947006,0.11665701866149902,43.139976501464844,8.914137844986515e-05,771.8
M4_K64_res84,13800,0.16159552335739136,0.08887335658073425,0.04685183987021446,0.10348128527402878,40.3172721862793,8.874221915354782e-05,774.7
M4_K64_res84,13850,0.573888897895813,0.29074227809906006,0.25940150022506714,0.09498052299022675,43.928096771240234,8.834265667668639e-05,777.7
M4_K64_res84,13900,0.2209240049123764,0.11791057884693146,0.07687890529632568,0.10453806817531586,43.33138656616211,8.794270274197389e-05,780.5
M4_K64_res84,13950,0.213674858212471,0.11471621692180634,0.0784137025475502,0.0821797102689743,41.78509521484375,8.75423690835883e-05,783.2
M4_K64_res84,14000,0.11648915708065033,0.06965070962905884,0.016562506556510925,0.12110377848148346,37.542762756347656,8.714166744684818e-05,785.9
M4_K64_res84,14050,0.16219617426395416,0.0880858451128006,0.04225791618227959,0.12740963697433472,39.67675018310547,8.674060958786822e-05,788.9
M4_K64_res84,14100,0.25529664754867554,0.13549934327602386,0.09436222910881042,0.10174033045768738,46.25926971435547,8.633920727321419e-05,792.0
M4_K64_res84,14150,0.21647943556308746,0.11672662198543549,0.07345239818096161,0.10520167648792267,42.98208999633789,8.59374722795578e-05,794.8
M4_K64_res84,14200,0.1337321549654007,0.07863680273294449,0.027399785816669464,0.11078228056430817,39.844947814941406,8.553541639333118e-05,797.5
M4_K64_res84,14250,0.13323189318180084,0.07639820128679276,0.029426977038383484,0.10962685942649841,39.34777069091797,8.513305141038109e-05,800.2
M4_K64_res84,14300,0.5423975586891174,0.2750872075557709,0.24313102662563324,0.09671735763549805,43.09572982788086,8.473038913562278e-05,803.0
M4_K64_res84,14350,0.2559889853000641,0.130983367562294,0.09908787161111832,0.10367091000080109,39.97874069213867,8.432744138269371e-05,806.0
M4_K64_res84,14400,0.6165826320648193,0.3153745234012604,0.2728215157985687,0.11354628205299377,47.18804168701172,8.392421997360695e-05,808.8
M4_K64_res84,14450,0.07121820747852325,0.0489153154194355,0.0,0.08921157568693161,38.165992736816406,8.352073673840432e-05,811.5
M4_K64_res84,14500,0.2865680754184723,0.15691278874874115,0.09809485822916031,0.12624165415763855,44.8984375,8.311700351480928e-05,814.3
M4_K64_res84,14550,0.36992135643959045,0.19032834470272064,0.15675687789916992,0.09134449064731598,48.58476638793945,8.271303214787963e-05,817.2
M4_K64_res84,14600,0.07906383275985718,0.051022693514823914,0.008730420842766762,0.07724286615848541,38.331844329833984,8.230883448966015e-05,820.2
M4_K64_res84,14650,0.449275940656662,0.22775988280773163,0.19450891017913818,0.10802852362394333,42.008827209472656,8.190442239883459e-05,823.1
M4_K64_res84,14700,0.18506555259227753,0.1032395213842392,0.04742734506726265,0.13759475946426392,41.041778564453125,8.149980774037795e-05,825.8
M4_K64_res84,14750,0.44114452600479126,0.22745275497436523,0.189069926738739,0.09848733991384506,46.672000885009766,8.109500238520837e-05,828.5
M4_K64_res84,14800,0.13644009828567505,0.08075235784053802,0.030648496001958847,0.1001569852232933,40.545799255371094,8.069001820983876e-05,831.3
M4_K64_res84,14850,0.22652263939380646,0.1258571296930313,0.07246500998735428,0.11280197650194168,44.591712951660156,8.02848670960284e-05,834.2
M4_K64_res84,14900,0.4289807379245758,0.2210252732038498,0.18266569077968597,0.10115911066532135,41.215492248535156,7.987956093043438e-05,837.0
M4_K64_res84,14950,0.13809287548065186,0.08070944249629974,0.03417055308818817,0.09285153448581696,37.45664596557617,7.947411160426281e-05,839.7
M4_K64_res84,15000,0.11591836810112,0.07244656980037689,0.013754663988947868,0.11886854469776154,42.27175521850586,7.906853101291994e-05,842.4
M4_K64_res84,15050,0.12647037208080292,0.07983224093914032,0.01281702145934105,0.1352844387292862,38.272239685058594,7.866283105566324e-05,845.3
M4_K64_res84,15100,0.5480395555496216,0.28034520149230957,0.24132689833641052,0.10546962171792984,45.03525161743164,7.825702363525221e-05,848.4
M4_K64_res84,15150,0.20726653933525085,0.12018477916717529,0.0574837252497673,0.11839213222265244,44.029090881347656,7.785112065759913e-05,851.2
M4_K64_res84,15200,0.17785389721393585,0.09945551306009293,0.059115003794431686,0.07713355869054794,40.876216888427734,7.744513403141994e-05,853.9
M4_K64_res84,15250,0.49167996644973755,0.24711363017559052,0.22370325028896332,0.08345232903957367,42.82843017578125,7.703907566788466e-05,856.6
M4_K64_res84,15300,0.1961144655942917,0.10541500151157379,0.06692414730787277,0.09510128945112228,42.399478912353516,7.663295748026793e-05,859.4
M4_K64_res84,15350,0.17519113421440125,0.09544337540864944,0.05761418864130974,0.08853426575660706,42.35232925415039,7.622679138359972e-05,862.5
M4_K64_res84,15400,0.14243225753307343,0.08097031712532043,0.037700749933719635,0.09504477679729462,41.09758377075195,7.582058929431544e-05,865.3
M4_K64_res84,15450,0.14393027126789093,0.08557049185037613,0.03453725203871727,0.09529013931751251,39.37984848022461,7.541436312990662e-05,868.0
M4_K64_res84,15500,0.16785359382629395,0.10037680715322495,0.038426704704761505,0.11620034277439117,39.66316223144531,7.500812480857097e-05,870.7
M4_K64_res84,15550,0.4012666940689087,0.2086525708436966,0.1662210077047348,0.10557250678539276,47.98775863647461,7.4601886248863e-05,873.7
M4_K64_res84,15600,0.27889391779899597,0.15164317190647125,0.1009293720126152,0.10528553277254105,40.82731628417969,7.419565936934419e-05,876.7
M4_K64_res84,15650,0.31035909056663513,0.16692309081554413,0.117470882833004,0.10386054962873459,44.02073669433594,7.378945608823327e-05,879.6
M4_K64_res84,15700,0.29451897740364075,0.15678618848323822,0.10960029810667038,0.11252996325492859,46.693695068359375,7.338328832305669e-05,882.4
M4_K64_res84,15750,0.12918314337730408,0.0753951296210289,0.023853564634919167,0.11973779648542404,40.700347900390625,7.297716799029884e-05,885.1
M4_K64_res84,15800,0.16696396470069885,0.09265796095132828,0.05234517529606819,0.08784327656030655,41.938812255859375,7.257110700505259e-05,887.9
M4_K64_res84,15850,0.13546213507652283,0.07921826839447021,0.03232605382800102,0.09567122906446457,41.23238754272461,7.216511728066954e-05,890.8
M4_K64_res84,15900,0.11997248977422714,0.07410840690135956,0.019136225804686546,0.10691142082214355,37.98640441894531,7.175921072841062e-05,893.7
M4_K64_res84,15950,0.39707717299461365,0.20286813378334045,0.1731371134519577,0.08428771793842316,42.6396369934082,7.135339925709655e-05,896.4
M4_K64_res84,16000,0.5133183598518372,0.25971320271492004,0.23315168917179108,0.08181389421224594,43.13695526123047,7.094769477275858e-05,899.2
M4_K64_res84,16050,0.13191911578178406,0.0732448399066925,0.030758952721953392,0.11166130751371384,38.24500274658203,7.054210917828898e-05,902.2
M4_K64_res84,16100,0.17672133445739746,0.1005212739109993,0.05079274997115135,0.10162927210330963,39.02168655395508,7.013665437309199e-05,905.2
M4_K64_res84,16150,0.39686429500579834,0.20598874986171722,0.17105834186077118,0.07926881313323975,43.29818344116211,6.973134225273462e-05,908.0
M4_K64_res84,16200,0.4830181896686554,0.25089842081069946,0.20389139652252197,0.11291347444057465,44.78168869018555,6.932618470859765e-05,910.8
M4_K64_res84,16250,0.1924036294221878,0.10612262040376663,0.05785664543509483,0.11369744688272476,41.13554763793945,6.892119362752691e-05,913.5
M4_K64_res84,16300,0.546249508857727,0.2745428681373596,0.24682685732841492,0.09951937198638916,40.249454498291016,6.851638089148421e-05,916.3
M4_K64_res84,16350,0.26445484161376953,0.1394840031862259,0.10503128916025162,0.07975810766220093,44.58485794067383,6.811175837719908e-05,919.2
M4_K64_res84,16400,0.3724885582923889,0.1947256177663803,0.15214279294013977,0.1024806872010231,43.73455047607422,6.770733795582003e-05,922.0
M4_K64_res84,16450,0.20690861344337463,0.1147213950753212,0.06780540198087692,0.09752726554870605,41.41034698486328,6.730313149256657e-05,924.8
M4_K64_res84,16500,0.16842839121818542,0.09808261692523956,0.03625178337097168,0.13637596368789673,41.301029205322266,6.689915084638078e-05,927.5
M4_K64_res84,16550,0.2736818194389343,0.1416957676410675,0.10836677998304367,0.0944770872592926,42.053260803222656,6.64954078695796e-05,930.5
M4_K64_res84,16600,0.5082066655158997,0.2649511992931366,0.2240830361843109,0.07668973505496979,42.77023696899414,6.609191440750699e-05,933.4
M4_K64_res84,16650,0.2005695402622223,0.11087653040885925,0.06398582458496094,0.10282877087593079,45.74134826660156,6.568868229818656e-05,936.2
M4_K64_res84,16700,0.1530800610780716,0.08667215704917908,0.03528989851474762,0.12447204440832138,42.951210021972656,6.528572337197396e-05,939.0
M4_K64_res84,16750,0.13468697667121887,0.07544822245836258,0.031571052968502045,0.1106707826256752,37.60769271850586,6.488304945121012e-05,941.7
M4_K64_res84,16800,0.44360220432281494,0.2310149073600769,0.1884649246931076,0.09648947417736053,42.510154724121094,6.44806723498741e-05,944.5
M4_K64_res84,16850,0.1722724735736847,0.0932726338505745,0.05942545086145401,0.07829755544662476,42.55269241333008,6.407860387323682e-05,947.5
M4_K64_res84,16900,0.0900554433465004,0.05112509801983833,0.012379936873912811,0.10620161890983582,38.20632553100586,6.367685581751437e-05,950.3
M4_K64_res84,16950,0.21034438908100128,0.11405212432146072,0.07025586068630219,0.1041455939412117,42.10154342651367,6.327543996952202e-05,953.1
M4_K64_res84,17000,0.3734011650085449,0.197452574968338,0.14778168499469757,0.11266753822565079,42.196739196777344,6.287436810632864e-05,955.8
M4_K64_res84,17050,0.3016801178455353,0.15540079772472382,0.1193869411945343,0.10756953805685043,42.85977554321289,6.247365199491084e-05,958.7
M4_K64_res84,17100,0.11876335740089417,0.06839868426322937,0.02436717413365841,0.10399000346660614,41.68085479736328,6.207330339180797e-05,961.9
M4_K64_res84,17150,0.12816712260246277,0.07482992112636566,0.024570103734731674,0.11506838351488113,38.751182556152344,6.167333404277705e-05,964.6
M4_K64_res84,17200,0.11861937493085861,0.06886900961399078,0.0186568945646286,0.1243738904595375,33.84278106689453,6.12737556824483e-05,967.4
M4_K64_res84,17250,0.1479230374097824,0.08211419731378555,0.040775567293167114,0.10013310611248016,40.080345153808594,6.087458003398076e-05,970.1
M4_K64_res84,17300,0.2322247475385666,0.12293416261672974,0.085971899330616,0.0932747945189476,43.16046905517578,6.047581880871837e-05,972.9
M4_K64_res84,17350,0.3729507625102997,0.1939275711774826,0.1549193561077118,0.0964154303073883,41.691532135009766,6.007748370584638e-05,975.9
M4_K64_res84,17400,0.2598313093185425,0.13925711810588837,0.08724313229322433,0.13332432508468628,43.05056381225586,5.967958641204816e-05,978.6
M4_K64_res84,17450,0.14314208924770355,0.07815971970558167,0.03637178987264633,0.11444231867790222,37.342742919921875,5.9282138601162203e-05,981.3
M4_K64_res84,17500,0.2068777233362198,0.10702086240053177,0.07965613901615143,0.08080287277698517,44.60329055786133,5.888515193383975e-05,984.1
M4_K64_res84,17550,0.1973336637020111,0.10957322269678116,0.06074233725667,0.10807237029075623,47.612361907958984,5.84886380572026e-05,987.1
M4_K64_res84,17600,0.5124415159225464,0.2601301074028015,0.220906600356102,0.1256190538406372,41.91164779663086,5.809260860450149e-05,990.0
M4_K64_res84,17650,0.37236347794532776,0.19536380469799042,0.14296990633010864,0.1361190378665924,44.3543815612793,5.769707519477466e-05,992.9
M4_K64_res84,17700,0.4440418779850006,0.2232731431722641,0.19803552329540253,0.09093283861875534,43.86943435668945,5.7302049432507046e-05,995.6
M4_K64_res84,17750,0.22336453199386597,0.11973926424980164,0.0807502493262291,0.09150001406669617,41.94595718383789,5.690754290728986e-05,998.3
M4_K64_res84,17800,0.3094404637813568,0.1626259684562683,0.11563524603843689,0.12471694499254227,43.78236389160156,5.65135671934804e-05,1001.1
M4_K64_res84,17850,0.22950395941734314,0.1231437399983406,0.07527218759059906,0.1243521124124527,40.313926696777344,5.612013384986272e-05,1004.1
M4_K64_res84,17900,0.3276151716709137,0.17882655560970306,0.1145264059305191,0.13704881072044373,45.19050598144531,5.572725441930827e-05,1006.9
M4_K64_res84,17950,0.10135801881551743,0.06005693972110748,0.014325352385640144,0.1079029068350792,43.604583740234375,5.533494042843738e-05,1009.6
M4_K64_res84,18000,0.1085704043507576,0.061563316732645035,0.015016548335552216,0.1279621422290802,40.581912994384766,5.494320338728101e-05,1012.3
M4_K64_res84,18050,0.5862676501274109,0.29916858673095703,0.25881895422935486,0.1131204143166542,41.86167526245117,5.455205478894316e-05,1015.2
M4_K64_res84,18100,0.36115050315856934,0.1883057951927185,0.14566493034362793,0.1087191253900528,43.30760192871094,5.416150610926357e-05,1018.1
M4_K64_res84,18150,0.24903403222560883,0.1349620372056961,0.08383772522211075,0.1209370419383049,40.079559326171875,5.377156880648105e-05,1020.9
M4_K64_res84,18200,0.17376293241977692,0.09323916584253311,0.04871192201972008,0.1272473782300949,41.47511291503906,5.338225432089734e-05,1023.7
M4_K64_res84,18250,0.17311003804206848,0.0993056371808052,0.044613733887672424,0.11676265299320221,40.250484466552734,5.299357407454154e-05,1026.4
M4_K64_res84,18300,0.15817394852638245,0.09091135114431381,0.03359542787075043,0.13466870784759521,39.35468673706055,5.260553947083477e-05,1029.2
M4_K64_res84,18350,0.4125625789165497,0.22046446800231934,0.1548350304365158,0.149052232503891,46.3272590637207,5.22181618942559e-05,1032.1
M4_K64_res84,18400,0.11560343950986862,0.06348629295825958,0.016512608155608177,0.14241814613342285,38.44414520263672,5.183145271000727e-05,1035.0
M4_K64_res84,18450,0.24715760350227356,0.13272319734096527,0.08060944080352783,0.13529983162879944,44.14329147338867,5.144542326368148e-05,1037.7
M4_K64_res84,18500,0.23271198570728302,0.12474595010280609,0.0775679349899292,0.12159239500761032,42.62614822387695,5.106008488092836e-05,1040.4
M4_K64_res84,18550,0.45068490505218506,0.23658131062984467,0.17622381448745728,0.1515190601348877,41.00699996948242,5.067544886712275e-05,1043.4
M4_K64_res84,18600,0.3098483383655548,0.16439937055110931,0.11283218860626221,0.13046705722808838,45.36399459838867,5.0291526507032834e-05,1046.5
M4_K64_res84,18650,0.21199728548526764,0.11361517012119293,0.062096502631902695,0.14514243602752686,42.269691467285156,4.9908329064488986e-05,1049.4
M4_K64_res84,18700,0.21183443069458008,0.1163678914308548,0.06201840937137604,0.13379250466823578,44.833831787109375,4.952586778205349e-05,1052.1
M4_K64_res84,18750,0.12994560599327087,0.07586119323968887,0.019211139529943466,0.13949307799339294,36.48577117919922,4.914415388069032e-05,1054.8
M4_K64_res84,18800,0.13154563307762146,0.08061928302049637,0.012577269226312637,0.15339630842208862,39.761085510253906,4.8763198559436424e-05,1057.6
M4_K64_res84,18850,0.12152081727981567,0.06901518255472183,0.01581479422748089,0.14676333963871002,39.709590911865234,4.838301299507273e-05,1060.5
M4_K64_res84,18900,0.5387802124023438,0.2857398986816406,0.21949048340320587,0.13419926166534424,49.54050064086914,4.800360834179648e-05,1063.3
M4_K64_res84,18950,0.11502239853143692,0.08012375980615616,0.0,0.13959455490112305,38.707191467285156,4.7624995730893846e-05,1066.0
M4_K64_res84,19000,0.33365553617477417,0.17637349665164948,0.12789073586463928,0.1175651103258133,41.70088577270508,4.7247186270413505e-05,1068.8
M4_K64_res84,19050,0.6609532237052917,0.3380186855792999,0.29295673966407776,0.11991110444068909,41.979488372802734,4.687019104484053e-05,1071.7
M4_K64_res84,19100,0.18418088555335999,0.10310188680887222,0.042295902967453,0.15513242781162262,45.038429260253906,4.64940211147714e-05,1074.7
M4_K64_res84,19150,0.2186472862958908,0.11824669688940048,0.06338805705308914,0.14805012941360474,44.51229476928711,4.61186875165893e-05,1077.5
M4_K64_res84,19200,0.38338181376457214,0.19936658442020416,0.14720936119556427,0.14722344279289246,46.32870864868164,4.574420126214053e-05,1080.3
M4_K64_res84,19250,0.14936597645282745,0.08127845823764801,0.036024581640958786,0.12825173139572144,40.430580139160156,4.5370573338411226e-05,1083.0
M4_K64_res84,19300,0.43086114525794983,0.2234869748353958,0.17017921805381775,0.1487797498703003,46.338592529296875,4.499781470720515e-05,1085.8
M4_K64_res84,19350,0.17644843459129333,0.09756219387054443,0.04087890684604645,0.15202932059764862,40.340232849121094,4.462593630482205e-05,1088.7
M4_K64_res84,19400,0.12381932139396667,0.07129885256290436,0.020291559398174286,0.12891563773155212,38.67387390136719,4.425494904173676e-05,1091.5
M4_K64_res84,19450,0.14680036902427673,0.08414844423532486,0.02730139158666134,0.14140212535858154,41.37014389038086,4.3884863802279226e-05,1094.3
M4_K64_res84,19500,0.43580353260040283,0.224429652094841,0.1719476282596588,0.15770509839057922,42.45938491821289,4.3515691444314944e-05,1096.9
M4_K64_res84,19550,0.4508644938468933,0.23020359873771667,0.180617555975914,0.16017338633537292,46.329193115234375,4.314744279892668e-05,1099.9
M4_K64_res84,19600,0.2145080268383026,0.11666742712259293,0.063117116689682,0.1388939619064331,43.27510070800781,4.278012867009643e-05,1102.8
M4_K64_res84,19650,0.5075905323028564,0.26304081082344055,0.2102680653333664,0.13712656497955322,47.51046371459961,4.24137598343887e-05,1105.7
M4_K64_res84,19700,0.1800469607114792,0.10015726834535599,0.04463474079966545,0.141019806265831,43.86807632446289,4.204834704063408e-05,1108.5
M4_K64_res84,19750,0.21406951546669006,0.11877487599849701,0.06287109851837158,0.1296941339969635,43.238014221191406,4.1683901009614155e-05,1111.2
M4_K64_res84,19800,0.19955158233642578,0.11218726634979248,0.05150073021650314,0.14345434308052063,37.581199645996094,4.132043243374673e-05,1113.9
M4_K64_res84,19850,0.19322174787521362,0.10738177597522736,0.052755970507860184,0.13233602046966553,46.46487808227539,4.095795197677223e-05,1116.9
M4_K64_res84,19900,0.18141043186187744,0.09849574416875839,0.044789817184209824,0.1524995118379593,40.942222595214844,4.059647027344082e-05,1119.8
M4_K64_res84,19950,0.30023154616355896,0.1599891036748886,0.10489553213119507,0.14138759672641754,43.777164459228516,4.023599792920052e-05,1122.6
M4_K64_res84,20000,0.4399615526199341,0.23301973938941956,0.17426081001758575,0.13072389364242554,38.229732513427734,3.98765455198858e-05,1125.3
M4_K64_res84,20050,0.14245723187923431,0.09110316634178162,0.013884348794817924,0.1498788595199585,37.619117736816406,3.951812359140755e-05,1128.3
M4_K64_res84,20100,0.42391109466552734,0.21714122593402863,0.1754359006881714,0.12533599138259888,39.70664596557617,3.916074265944349e-05,1131.3
M4_K64_res84,20150,0.49013403058052063,0.2538951635360718,0.20091292262077332,0.14130377769470215,40.33744430541992,3.8804413209129724e-05,1134.2
M4_K64_res84,20200,0.6060215830802917,0.31189560890197754,0.26711341738700867,0.10805010795593262,40.748592376708984,3.844914569475323e-05,1136.9
M4_K64_res84,20250,0.18298465013504028,0.10011441260576248,0.045149680227041245,0.15088222920894623,42.93150329589844,3.8094950539444896e-05,1139.6
M4_K64_res84,20300,0.2453102022409439,0.13771510124206543,0.067094586789608,0.16200202703475952,46.29201889038086,3.774183813487393e-05,1142.4
M4_K64_res84,20350,0.6174543499946594,0.3182566165924072,0.26718318462371826,0.12805813550949097,43.18006896972656,3.738981884094286e-05,1145.3
M4_K64_res84,20400,0.4001680314540863,0.2096269577741623,0.15240855515003204,0.1525300294160843,43.14768981933594,3.7038902985483736e-05,1148.2
M4_K64_res84,20450,0.22403809428215027,0.12203049659729004,0.062650665640831,0.15742775797843933,41.724369049072266,3.6689100863954884e-05,1150.9
M4_K64_res84,20500,0.499880850315094,0.2571321725845337,0.2126951515674591,0.1202140748500824,39.01179122924805,3.634042273913911e-05,1153.6
M4_K64_res84,20550,0.24601614475250244,0.13443352282047272,0.07356839627027512,0.15205693244934082,40.103416442871094,3.5992878840842375e-05,1156.5
M4_K64_res84,20600,0.1734291911125183,0.09600545465946198,0.03469458594918251,0.1709166020154953,38.57980728149414,3.5646479365593895e-05,1159.4
M4_K64_res84,20650,0.5495817065238953,0.28556734323501587,0.2281646728515625,0.14339879155158997,42.83985900878906,3.530123447634667e-05,1162.3
M4_K64_res84,20700,0.17011749744415283,0.0964311882853508,0.03693369776010513,0.1470104455947876,43.220237731933594,3.49571543021797e-05,1165.0
M4_K64_res84,20750,0.24466344714164734,0.13226793706417084,0.07398111373186111,0.15365755558013916,40.90915298461914,3.461424893800048e-05,1167.8
M4_K64_res84,20800,0.31459808349609375,0.16589339077472687,0.11043793708086014,0.15306705236434937,45.17860412597656,3.427252844424906e-05,1170.6
M4_K64_res84,20850,0.13403616845607758,0.0779309868812561,0.014941316097974777,0.16465546190738678,39.072906494140625,3.393200284660272e-05,1173.5
M4_K64_res84,20900,0.41727590560913086,0.22186656296253204,0.1561383306980133,0.1570839285850525,44.571678161621094,3.359268213568189e-05,1176.3
M4_K64_res84,20950,0.170633465051651,0.09778080135583878,0.037644337862730026,0.14083331823349,39.698760986328125,3.3254576266757095e-05,1179.0
M4_K64_res84,21000,0.17461439967155457,0.10042471438646317,0.039218802005052567,0.13988351821899414,38.720611572265625,3.2917695159456796e-05,1181.8
M4_K64_res84,21050,0.09864780306816101,0.06362199038267136,0.0,0.14010323584079742,39.70322036743164,3.2582048697476364e-05,1184.7
M4_K64_res84,21100,0.5360322594642639,0.27338340878486633,0.2256496399641037,0.1479969322681427,40.41521453857422,3.224764672828813e-05,1187.7
M4_K64_res84,21150,0.43942496180534363,0.2314140945672989,0.1681453138589859,0.15946225821971893,44.788116455078125,3.191449906285254e-05,1190.5
M4_K64_res84,21200,0.14553645253181458,0.0853559672832489,0.0186600498855114,0.1660817265510559,37.5888786315918,3.1582615475330156e-05,1193.2
M4_K64_res84,21250,0.487579345703125,0.25248974561691284,0.20038659870624542,0.13881206512451172,45.542728424072266,3.125200570279506e-05,1196.0
M4_K64_res84,21300,0.31703779101371765,0.16663473844528198,0.11252584308385849,0.15150882303714752,44.83929443359375,3.092267944494901e-05,1198.8
M4_K64_res84,21350,0.6715992093086243,0.3407381772994995,0.2948521077632904,0.14403559267520905,45.84029006958008,3.059464636383707e-05,1201.7
M4_K64_res84,21400,0.330472469329834,0.1758430153131485,0.11592152714729309,0.15483161807060242,42.37030792236328,3.0267916083563906e-05,1204.5
M4_K64_res84,21450,0.14078891277313232,0.0836794301867485,0.021649202331900597,0.14184114336967468,39.435150146484375,2.9942498190011595e-05,1207.3
M4_K64_res84,21500,0.1653725802898407,0.0998508557677269,0.024401195347309113,0.16448213160037994,41.24459457397461,2.9618402230558295e-05,1210.0
M4_K64_res84,21550,0.2495516687631607,0.13763068616390228,0.06625235080718994,0.18267454206943512,41.485713958740234,2.9295637713798262e-05,1213.0
M4_K64_res84,21600,0.36927330493927,0.1928250938653946,0.13910818099975586,0.14936017990112305,39.369014739990234,2.8974214109262666e-05,1215.9
M4_K64_res84,21650,0.23793925344944,0.13155585527420044,0.06045136600732803,0.1837281584739685,44.56281280517578,2.8654140847142015e-05,1218.8
M4_K64_res84,21700,0.6478492617607117,0.3310544490814209,0.2822180688381195,0.13830681145191193,40.17816162109375,2.8335427318009267e-05,1221.6
M4_K64_res84,21750,0.21214258670806885,0.12193956971168518,0.052831679582595825,0.14948531985282898,43.60532760620117,2.8018082872544407e-05,1224.3
M4_K64_res84,21800,0.40761029720306396,0.2195090800523758,0.1503579020500183,0.1509733647108078,46.670753479003906,2.7702116821260222e-05,1227.0
M4_K64_res84,21850,0.13812355697155,0.0817488431930542,0.014170490205287933,0.16881689429283142,41.391456604003906,2.738753843422893e-05,1229.9
M4_K64_res84,21900,0.5236918926239014,0.2735406458377838,0.21003416180610657,0.16046831011772156,47.856842041015625,2.707435694081034e-05,1232.7
M4_K64_res84,21950,0.4595176577568054,0.23746804893016815,0.18474481999874115,0.14921917021274567,47.78933334350586,2.6762581529381045e-05,1235.5
M4_K64_res84,22000,0.23614419996738434,0.12570233643054962,0.0675782859325409,0.1714543253183365,44.55771255493164,2.645222134706489e-05,1238.2
M4_K64_res84,22050,0.6419156193733215,0.3311922550201416,0.2772621214389801,0.1338450312614441,41.40803527832031,2.614328549946448e-05,1241.1
M4_K64_res84,22100,0.5538663864135742,0.29040563106536865,0.2284490466117859,0.14004680514335632,41.38628387451172,2.5835783050394226e-05,1244.1
M4_K64_res84,22150,0.2117597907781601,0.12046217173337936,0.04906166344881058,0.1689438372850418,43.07577133178711,2.552972302161418e-05,1246.9
M4_K64_res84,22200,0.5970944166183472,0.29901063442230225,0.2608289420604706,0.14901918172836304,43.11002731323242,2.5225114392565604e-05,1249.6
M4_K64_res84,22250,0.2897418141365051,0.16541562974452972,0.08770263195037842,0.14649415016174316,41.628021240234375,2.492196610010733e-05,1252.3
M4_K64_res84,22300,0.42167335748672485,0.2208358198404312,0.1590234786272049,0.1672561764717102,43.37934875488281,2.4620287038253624e-05,1255.1
M4_K64_res84,22350,0.2790570855140686,0.1506843864917755,0.08926407247781754,0.15643447637557983,44.12240982055664,2.4320086057913272e-05,1258.1
M4_K64_res84,22400,0.20664659142494202,0.1185835599899292,0.041894860565662384,0.18467271327972412,44.64799880981445,2.4021371966629928e-05,1260.9
M4_K64_res84,22450,0.4406982362270355,0.22931070625782013,0.1703205704689026,0.164267897605896,45.470890045166016,2.372415352832362e-05,1263.7
M4_K64_res84,22500,0.6032950282096863,0.31269481778144836,0.25462064146995544,0.14391827583312988,45.288604736328125,2.3428439463033658e-05,1266.4
M4_K64_res84,22550,0.6897600889205933,0.3530562222003937,0.296712726354599,0.1599646508693695,44.12660598754883,2.313423844666289e-05,1269.4
M4_K64_res84,22600,0.1931145042181015,0.11026980727910995,0.03570012003183365,0.1885783076286316,45.88120651245117,2.284155911072304e-05,1272.4
M4_K64_res84,22650,0.26697856187820435,0.15029625594615936,0.06396734714508057,0.21085980534553528,43.63544845581055,2.2550410042081526e-05,1275.3
M4_K64_res84,22700,0.3207165598869324,0.17989581823349,0.09808965772390366,0.17092427611351013,45.87751007080078,2.2260799782709488e-05,1278.1
M4_K64_res84,22750,0.12032884359359741,0.07769995927810669,0.0,0.1705155372619629,40.15895080566406,2.197273682943131e-05,1280.8
M4_K64_res84,22800,0.3435121774673462,0.19423799216747284,0.099821075797081,0.19781240820884705,46.01279067993164,2.1686229633675114e-05,1283.6
M4_K64_res84,22850,0.1593305766582489,0.0973803848028183,0.015420844778418541,0.18611741065979004,38.98950958251953,2.140128660122504e-05,1286.6
M4_K64_res84,22900,0.33280935883522034,0.17576678097248077,0.1178717166185379,0.15668344497680664,43.14125442504883,2.1117916091974422e-05,1289.4
M4_K64_res84,22950,0.4485775828361511,0.23722206056118011,0.16839683055877686,0.17183469235897064,43.64620590209961,2.083612641968069e-05,1292.1
M4_K64_res84,23000,0.2214401513338089,0.12373166531324387,0.05163409933447838,0.18429754674434662,43.77045822143555,2.055592585172133e-05,1294.9
M4_K64_res84,23050,0.6912072896957397,0.3494817316532135,0.29895925521850586,0.17106541991233826,40.88231658935547,2.0277322608851375e-05,1297.8
M4_K64_res84,23100,0.35201460123062134,0.18895713984966278,0.11781874299049377,0.18095488846302032,46.06563186645508,2.0000324864962217e-05,1300.8
M4_K64_res84,23150,0.2520107924938202,0.13852547109127045,0.06819075345993042,0.1811782419681549,46.88580322265625,1.9724940746841853e-05,1303.7
M4_K64_res84,23200,0.3379444479942322,0.18178628385066986,0.11756771802902222,0.15436169505119324,44.6662712097168,1.9451178333936313e-05,1306.5
M4_K64_res84,23250,0.6247731447219849,0.32289257645606995,0.26676395535469055,0.14046648144721985,39.499916076660156,1.9179045658112793e-05,1309.2
M4_K64_res84,23300,0.2270941436290741,0.131897434592247,0.05206189677119255,0.17253920435905457,42.44388961791992,1.8908550703423855e-05,1312.0
M4_K64_res84,23350,0.4639408588409424,0.24394603073596954,0.1810574233531952,0.15574949979782104,43.15134048461914,1.8639701405873238e-05,1315.0
M4_K64_res84,23400,0.2707538604736328,0.1468963325023651,0.08602182567119598,0.15134283900260925,43.680870056152344,1.837250565318312e-05,1317.9
M4_K64_res84,23450,0.6075736880302429,0.30897650122642517,0.25855129957199097,0.16018369793891907,46.01435089111328,1.8106971284562537e-05,1320.6
M4_K64_res84,23500,0.16266143321990967,0.09544417262077332,0.018699225038290024,0.19407214224338531,42.45061111450195,1.7843106090477503e-05,1323.4
M4_K64_res84,23550,0.19949039816856384,0.11261846125125885,0.04581315070390701,0.16423508524894714,41.376712799072266,1.758091781242238e-05,1326.3
M4_K64_res84,23600,0.22072499990463257,0.123063825070858,0.05542808771133423,0.16893228888511658,40.907649993896484,1.7320414142692877e-05,1329.2
M4_K64_res84,23650,0.5417515635490417,0.2772989273071289,0.23259934782981873,0.12741312384605408,42.258174896240234,1.7061602724160164e-05,1332.1
M4_K64_res84,23700,0.22571095824241638,0.1313280314207077,0.04249204695224762,0.20756354928016663,41.98199462890625,1.680449115004684e-05,1334.9
M4_K64_res84,23750,0.262941837310791,0.1570977121591568,0.05502822622656822,0.203263521194458,45.565059661865234,1.6549086963704006e-05,1337.6
M4_K64_res84,23800,0.34033045172691345,0.1815444976091385,0.1189001202583313,0.15954342484474182,46.75919723510742,1.629539765839007e-05,1340.4
M4_K64_res84,23850,0.17475436627864838,0.10288116335868835,0.025787528604269028,0.18434268236160278,41.920799255371094,1.6043430677050797e-05,1343.4
M4_K64_res84,23900,0.28279051184654236,0.16018728911876678,0.0747448056936264,0.19143369793891907,44.6106071472168,1.579319341210102e-05,1346.2
M4_K64_res84,23950,0.6508782505989075,0.33617767691612244,0.26968368887901306,0.18006756901741028,41.896400451660156,1.5544693205207705e-05,1349.0
M4_K64_res84,24000,0.2120242416858673,0.1231032982468605,0.030839279294013977,0.2323266565799713,43.71683883666992,1.5297937347074636e-05,1351.6
M4_K64_res84,24050,0.16965386271476746,0.09682618081569672,0.02781428024172783,0.18005362153053284,40.01753234863281,1.5052933077228361e-05,1354.6
M4_K64_res84,24100,0.21265622973442078,0.1232340857386589,0.044718846678733826,0.17881321907043457,40.705081939697266,1.4809687583806001e-05,1357.6
M4_K64_res84,24150,0.4953751266002655,0.25904133915901184,0.1911722868680954,0.18064606189727783,47.41267395019531,1.4568208003344153e-05,1360.3
M4_K64_res84,24200,0.27497005462646484,0.15507201850414276,0.0737043023109436,0.18477493524551392,46.32279586791992,1.432850142056963e-05,1363.2
M4_K64_res84,24250,0.15716375410556793,0.10034399479627609,0.0,0.22727905213832855,44.94353103637695,1.4090574868191645e-05,1365.9
M4_K64_res84,24300,0.6471583247184753,0.329738974571228,0.2756446301937103,0.1670987904071808,45.2464714050293,1.3854435326695273e-05,1368.7
M4_K64_res84,24350,0.36015087366104126,0.19351409375667572,0.11484077572822571,0.2071841061115265,46.421504974365234,1.3620089724136942e-05,1371.7
M4_K64_res84,24400,0.2706539034843445,0.15923699736595154,0.05031747743487358,0.24439767003059387,44.70934295654297,1.3387544935940909e-05,1374.5
M4_K64_res84,24450,0.13783860206604004,0.09220289438962936,0.0,0.1825428158044815,35.66159439086914,1.3156807784697746e-05,1377.2
M4_K64_res84,24500,0.17923517525196075,0.10524769127368927,0.026667797937989235,0.1892787218093872,41.14255142211914,1.2927885039963995e-05,1380.0
M4_K64_res84,24550,0.22254949808120728,0.1266181617975235,0.04542430490255356,0.20202815532684326,40.15933609008789,1.2700783418063728e-05,1382.9
M4_K64_res84,24600,0.48488715291023254,0.2610245943069458,0.17265048623085022,0.2048482447862625,45.763084411621094,1.2475509581891374e-05,1385.9
M4_K64_res84,24650,0.26500004529953003,0.15082208812236786,0.06342559307813644,0.2030094861984253,41.94337463378906,1.2252070140716264e-05,1388.7
M4_K64_res84,24700,0.698596715927124,0.35635870695114136,0.292652428150177,0.19834232330322266,43.010398864746094,1.2030471649988738e-05,1391.5
M4_K64_res84,24750,0.28738290071487427,0.15699510276317596,0.08032973855733871,0.20023220777511597,42.34109878540039,1.1810720611147875e-05,1394.2
M4_K64_res84,24800,0.213192418217659,0.12268564105033875,0.04296032339334488,0.19018584489822388,45.468441009521484,1.159282347143062e-05,1397.0
M4_K64_res84,24850,0.5094190239906311,0.26694992184638977,0.19371859729290009,0.19500210881233215,40.50677490234375,1.1376786623682744e-05,1399.9
M4_K64_res84,24900,0.34800881147384644,0.19382897019386292,0.10189441591501236,0.20914176106452942,43.2967414855957,1.1162616406171213e-05,1402.7
M4_K64_res84,24950,0.20220626890659332,0.12008391320705414,0.024905478581786156,0.2288675457239151,39.98809051513672,1.0950319102398256e-05,1405.4
M4_K64_res84,25000,0.1741378903388977,0.1148269772529602,0.0,0.2372436225414276,44.90579605102539,1.0739900940917046e-05,1408.1
M4_K64_res84,25050,0.2600506544113159,0.1486773043870926,0.056641221046447754,0.21892845630645752,43.711647033691406,1.0531368095148906e-05,1411.0
M4_K64_res84,25100,0.5891548991203308,0.30445683002471924,0.2386869639158249,0.18404434621334076,44.776981353759766,1.0324726683202217e-05,1414.0
M4_K64_res84,25150,0.18748372793197632,0.11071199178695679,0.016399452462792397,0.24148908257484436,41.64140701293945,1.0119982767692903e-05,1416.9
M4_K64_res84,25200,0.40277135372161865,0.21756944060325623,0.1379542350769043,0.18899068236351013,43.595909118652344,9.91714235556662e-06,1419.6
M4_K64_res84,25250,0.24912166595458984,0.13930347561836243,0.05204856023192406,0.23107853531837463,43.46584701538086,9.716211397922426e-06,1422.3
M4_K64_res84,25300,0.16894452273845673,0.11146572232246399,0.0,0.22991520166397095,41.5959587097168,9.517195789838264e-06,1425.1
M4_K64_res84,25350,0.2367478311061859,0.12817206978797913,0.061488740146160126,0.18834803998470306,40.81283187866211,9.320101370197949e-06,1428.0
M4_K64_res84,25400,0.5929659605026245,0.3049919307231903,0.2407512366771698,0.18889120221138,44.16305160522461,9.124933921519913e-06,1431.0
M4_K64_res84,25450,0.5647189021110535,0.29223817586898804,0.2303047478199005,0.1687038242816925,46.201744079589844,8.931699169787504e-06,1433.7
M4_K64_res84,25500,0.4553447961807251,0.24221104383468628,0.1620025932788849,0.20452460646629333,45.08275604248047,8.740402784281013e-06,1436.5
M4_K64_res84,25550,0.178205668926239,0.10830914974212646,0.01999027095735073,0.19962501525878906,41.580657958984375,8.551050377411364e-06,1439.5
M4_K64_res84,25600,0.4967085123062134,0.25817760825157166,0.19082938134670258,0.19080615043640137,44.03673553466797,8.363647504555429e-06,1442.4
M4_K64_res84,25650,0.20269300043582916,0.12154608219861984,0.0225093774497509,0.23455017805099487,42.01960372924805,8.178199663893036e-06,1445.2
M4_K64_res84,25700,0.5320496559143066,0.2732822000980377,0.20864900946617126,0.2004738450050354,47.498050689697266,7.994712296245698e-06,1447.9
M4_K64_res84,25750,0.4146443009376526,0.22608447074890137,0.13092489540576935,0.2305397391319275,40.04362869262695,7.813190784916915e-06,1450.6
M4_K64_res84,25800,0.15303193032741547,0.09950053691864014,0.0,0.2141255885362625,40.91804122924805,7.633640455534284e-06,1453.4
M4_K64_res84,25850,0.36847546696662903,0.19521822035312653,0.12512940168380737,0.19251146912574768,41.964569091796875,7.456066575893274e-06,1456.4
M4_K64_res84,25900,0.5316534042358398,0.27856799960136414,0.2034931629896164,0.19836901128292084,46.4043083190918,7.280474355802618e-06,1459.3
M4_K64_res84,25950,0.31355658173561096,0.18232177197933197,0.06257958710193634,0.2746208906173706,45.58295440673828,7.10686894693149e-06,1462.0
M4_K64_res84,26000,0.2054746299982071,0.1259443312883377,0.01843435689806938,0.24438375234603882,36.00735092163086,6.935255442658344e-06,1464.7
M4_K64_res84,26050,0.3154344856739044,0.17484240233898163,0.08862100541591644,0.20788434147834778,42.05352020263672,6.765638877921545e-06,1467.7
M4_K64_res84,26100,0.20523962378501892,0.11886133253574371,0.025608167052268982,0.2430804818868637,40.564945220947266,6.598024229071541e-06,1470.6
M4_K64_res84,26150,0.41647395491600037,0.22896909713745117,0.12944845855236053,0.23222550749778748,44.484153747558594,6.432416413724997e-06,1473.5
M4_K64_res84,26200,0.691834568977356,0.35537096858024597,0.2830181419849396,0.2137817144393921,41.497833251953125,6.268820290620366e-06,1476.2
M4_K64_res84,26250,0.3977472484111786,0.2144450694322586,0.12715844810009003,0.22457492351531982,46.42111587524414,6.107240659475454e-06,1479.0
M4_K64_res84,26300,0.2884126603603363,0.1611429899930954,0.0722813531756401,0.21995332837104797,46.139366149902344,5.947682260846559e-06,1481.7
M4_K64_res84,26350,0.26886987686157227,0.15149207413196564,0.054189395159482956,0.2527535557746887,43.74708557128906,5.790149775989422e-06,1484.7
M4_K64_res84,26400,0.5547069311141968,0.2873876392841339,0.21932581067085266,0.19197380542755127,40.4971809387207,5.634647826721797e-06,1487.5
M4_K64_res84,26450,0.27036842703819275,0.14509539306163788,0.06989939510822296,0.22149458527565002,41.653656005859375,5.481180975287991e-06,1490.2
M4_K64_res84,26500,0.3613150715827942,0.19429589807987213,0.10991201549768448,0.22842854261398315,46.168392181396484,5.329753724224864e-06,1492.9
M4_K64_res84,26550,0.6171383857727051,0.3186774253845215,0.24239341914653778,0.22427019476890564,45.97587966918945,5.180370516229818e-06,1495.8
M4_K64_res84,26600,0.486634224653244,0.2548031210899353,0.183240607380867,0.19436205923557281,45.619659423828125,5.033035734030483e-06,1498.8
M4_K64_res84,26650,0.3941909372806549,0.2113289088010788,0.12606540322303772,0.22718653082847595,43.607967376708984,4.887753700256023e-06,1501.7
M4_K64_res84,26700,0.14469486474990845,0.09347505867481232,0.0,0.20487919449806213,40.6056022644043,4.744528677310408e-06,1504.4
M4_K64_res84,26750,0.3243407905101776,0.1723630428314209,0.09553083032369614,0.22578759491443634,48.3941650390625,4.60336486724732e-06,1507.2
M4_K64_res84,26800,0.3291222155094147,0.181667298078537,0.08926142007112503,0.23277398943901062,46.43235397338867,4.46426641164691e-06,1509.9
M4_K64_res84,26850,0.16301023960113525,0.10615590959787369,0.0,0.22741732001304626,41.013763427734375,4.3272373914941985e-06,1512.8
M4_K64_res84,26900,0.18926388025283813,0.10877852141857147,0.01999090611934662,0.24197779595851898,43.610206604003906,4.192281827059482e-06,1515.8
M4_K64_res84,26950,0.48775604367256165,0.25567352771759033,0.17819276452064514,0.2155589610338211,41.725799560546875,4.059403677780232e-06,1518.5
M4_K64_res84,27000,0.5314583778381348,0.2794758379459381,0.20639020204544067,0.18236923217773438,42.46028518676758,3.928606842145046e-06,1521.3
M4_K64_res84,27050,0.3584221601486206,0.1939065307378769,0.10859449207782745,0.22368460893630981,41.717403411865234,3.7998951575792273e-06,1524.2
M4_K64_res84,27100,0.23374466598033905,0.1318221241235733,0.04684129357337952,0.22032499313354492,42.9097900390625,3.673272400332181e-06,1527.3
M4_K64_res84,27150,0.25230205059051514,0.1417674422264099,0.05704451724886894,0.2139604091644287,40.84371566772461,3.548742285366635e-06,1530.2
M4_K64_res84,27200,0.19665297865867615,0.10939890146255493,0.040141601115465164,0.188449889421463,37.54331970214844,3.4263084662496885e-06,1532.9
M4_K64_res84,27250,0.4898478090763092,0.2548222839832306,0.17805607616901398,0.22787776589393616,50.36602020263672,3.3059745350455554e-06,1535.6
M4_K64_res84,27300,0.24591267108917236,0.13646069169044495,0.04469618201255798,0.25902318954467773,42.728355407714844,3.1877440222102368e-06,1538.4
M4_K64_res84,27350,0.5052170753479004,0.262218713760376,0.1854284256696701,0.23027975857257843,46.53791809082031,3.071620396487884e-06,1541.3
M4_K64_res84,27400,0.40423139929771423,0.21095508337020874,0.142626091837883,0.2026008665561676,45.846256256103516,2.9576070648090754e-06,1544.2
M4_K64_res84,27450,0.36171671748161316,0.1944444626569748,0.11127422004938126,0.22399212419986725,50.25787353515625,2.845707372190842e-06,1546.9
M4_K64_res84,27500,0.3066527843475342,0.16830545663833618,0.08427275717258453,0.21629828214645386,44.88277053833008,2.7359246016385257e-06,1549.6
M4_K64_res84,27550,0.29217949509620667,0.15811438858509064,0.08170375227928162,0.20944541692733765,45.66233825683594,2.628261974049484e-06,1552.5
M4_K64_res84,27600,0.3850763142108917,0.20654821395874023,0.12255670130252838,0.2238856554031372,47.071533203125,2.5227226481185304e-06,1555.4
M4_K64_res84,27650,0.5624892711639404,0.2996525466442108,0.2089369297027588,0.21559911966323853,41.32038497924805,2.419309720245369e-06,1558.4
M4_K64_res84,27700,0.3083113133907318,0.170224130153656,0.08803270757198334,0.2002178132534027,42.55183029174805,2.318026224443631e-06,1561.1
M4_K64_res84,27750,0.42921194434165955,0.22831948101520538,0.143494114279747,0.229593425989151,49.78135299682617,2.2188751322519487e-06,1563.8
M4_K64_res84,27800,0.3512577712535858,0.19144229590892792,0.10662590712308884,0.21275833249092102,41.48554611206055,2.1218593526467155e-06,1566.6
M4_K64_res84,27850,0.2647641897201538,0.15195715427398682,0.05158529803156853,0.24488694965839386,41.37348175048828,2.026981731956803e-06,1569.5
M4_K64_res84,27900,0.30447837710380554,0.17593888938426971,0.07235700637102127,0.22472994029521942,45.788883209228516,1.9342450537799563e-06,1572.4
M4_K64_res84,27950,0.25761550664901733,0.14800803363323212,0.03862976282835007,0.2839108407497406,43.91252517700195,1.8436520389012554e-06,1575.1
M4_K64_res84,28000,0.2845877408981323,0.1525615155696869,0.07291051745414734,0.23646284639835358,44.21155548095703,1.7552053452131564e-06,1577.8
M4_K64_res84,28050,0.4383930563926697,0.23510032892227173,0.1401922106742859,0.25240200757980347,44.02738952636719,1.6689075676376285e-06,1580.7
M4_K64_res84,28100,0.3769628405570984,0.2044154852628708,0.1246938705444336,0.19141393899917603,43.98696517944336,1.5847612380499475e-06,1583.6
M4_K64_res84,28150,0.24065786600112915,0.13509945571422577,0.039985090494155884,0.2622932493686676,43.666419982910156,1.5027688252044146e-06,1586.5
M4_K64_res84,28200,0.34290117025375366,0.19075161218643188,0.09416428953409195,0.23194105923175812,42.81392288208008,1.4229327346619968e-06,1589.3
M4_K64_res84,28250,0.1638704538345337,0.10609178990125656,0.0,0.23111465573310852,36.22731018066406,1.345255308719667e-06,1592.0
M4_K64_res84,28300,0.32943445444107056,0.17684440314769745,0.10348860174417496,0.19640576839447021,47.59764862060547,1.269738826341718e-06,1594.7
M4_K64_res84,28350,0.20765990018844604,0.11992137134075165,0.03086494840681553,0.2274942696094513,41.64102554321289,1.1963855030929059e-06,1597.7
M4_K64_res84,28400,0.5329791307449341,0.2796505093574524,0.2002570480108261,0.21228618919849396,47.54114532470703,1.1251974910734457e-06,1600.5
M4_K64_res84,28450,0.38689282536506653,0.20645898580551147,0.13028693199157715,0.20058760046958923,46.358707427978516,1.0561768788558772e-06,1603.3
M4_K64_res84,28500,0.23434656858444214,0.13077197968959808,0.045990414917469025,0.23033666610717773,40.90323257446289,9.893256914237646e-07,1606.0
M4_K64_res84,28550,0.6191323399543762,0.31362399458885193,0.25682464241981506,0.1947348415851593,47.04484939575195,9.246458901122938e-07,1608.9
M4_K64_res84,28600,0.21568143367767334,0.12404454499483109,0.027952834963798523,0.25473618507385254,46.77643585205078,8.621393725507686e-07,1611.9
M4_K64_res84,28650,0.21936458349227905,0.12563100457191467,0.036614663898944855,0.2284756749868393,40.918087005615234,8.0180797260688e-07,1614.8
M4_K64_res84,28700,0.2688521146774292,0.14933884143829346,0.05800250917673111,0.24604305624961853,43.189537048339844,7.436534603329158e-07,1617.5
M4_K64_res84,28750,0.4435112178325653,0.23224882781505585,0.1593233048915863,0.2077564150094986,46.06037139892578,6.876775419138614e-07,1620.2
M4_K64_res84,28800,0.405666708946228,0.22090797126293182,0.12763281166553497,0.22850367426872253,47.645042419433594,6.338818596173218e-07,1622.9
M4_K64_res84,28850,0.6577982902526855,0.3377383351325989,0.27250349521636963,0.19022580981254578,45.310768127441406,5.822679917453194e-07,1625.9
M4_K64_res84,28900,0.27743133902549744,0.15681351721286774,0.06267481297254562,0.23177209496498108,41.737579345703125,5.328374525880391e-07,1628.7
M4_K64_res84,28950,0.49320271611213684,0.2527492940425873,0.19079571962356567,0.19863080978393555,45.972503662109375,4.85591692379339e-07,1631.5
M4_K64_res84,29000,0.43461883068084717,0.2302849441766739,0.15277589857578278,0.20623190701007843,46.929595947265625,4.405320972542509e-07,1634.2
M4_K64_res84,29050,0.42430105805397034,0.2229098379611969,0.15023133158683777,0.20463955402374268,43.64737319946289,3.9765998920827936e-07,1637.2
M4_K64_res84,29100,0.5564318299293518,0.28469929099082947,0.2228182852268219,0.1956569254398346,46.28287887573242,3.569766260586582e-07,1640.1
M4_K64_res84,29150,0.6263126730918884,0.3264370262622833,0.25008654594421387,0.1991564929485321,45.5338134765625,3.184832014073879e-07,1643.1
M4_K64_res84,29200,0.17433366179466248,0.11272754520177841,0.0,0.24642449617385864,42.50019454956055,2.82180844606264e-07,1645.8
M4_K64_res84,29250,0.2637177109718323,0.15529295802116394,0.0456332266330719,0.25116610527038574,45.072696685791016,2.4807062072374486e-07,1648.5
M4_K64_res84,29300,0.3820234537124634,0.205548495054245,0.12765204906463623,0.19529157876968384,45.408390045166016,2.1615353051366858e-07,1651.3
M4_K64_res84,29350,0.24689988791942596,0.1442694514989853,0.04578377678990364,0.22738663852214813,44.67813491821289,1.8643051038590983e-07,1654.2
M4_K64_res84,29400,0.3719939887523651,0.20459191501140594,0.1123635321855545,0.22015419602394104,50.920894622802734,1.5890243237891842e-07,1657.1
M4_K64_res84,29450,0.4657478928565979,0.24155466258525848,0.17488348484039307,0.19723886251449585,44.12171173095703,1.3357010413411473e-07,1659.9
M4_K64_res84,29500,0.326057493686676,0.1785932034254074,0.09080113470554352,0.22665256261825562,45.44552993774414,1.1043426887221706e-07,1662.6
M4_K64_res84,29550,0.35532233119010925,0.2057352364063263,0.08125540614128113,0.2733267843723297,47.54642105102539,8.949560537141743e-08,1665.5
M4_K64_res84,29600,0.43395426869392395,0.2304202765226364,0.15113987028598785,0.20957645773887634,42.699432373046875,7.075472794745573e-08,1668.4
M4_K64_res84,29650,0.2090257704257965,0.12370236963033676,0.026796579360961914,0.23410722613334656,38.541229248046875,5.4212186435642626e-08,1671.2
M4_K64_res84,29700,0.39490991830825806,0.21206606924533844,0.13912968337535858,0.17485660314559937,45.4277458190918,3.986846617468897e-08,1674.0
M4_K64_res84,29750,0.22927823662757874,0.1369921863079071,0.025206858292222023,0.26831674575805664,43.862266540527344,2.7723987992459008e-08,1676.6
M4_K64_res84,29800,0.24086949229240417,0.13847967982292175,0.04324782267212868,0.23656798899173737,41.22808074951172,1.777910819367179e-08,1679.4
M4_K64_res84,29850,0.35586392879486084,0.2000276893377304,0.09729079902172089,0.23418179154396057,49.75482177734375,1.0034118549401281e-08,1682.4
M4_K64_res84,29900,0.429684579372406,0.2275848686695099,0.15097782015800476,0.20448754727840424,42.20215606689453,4.489246288516546e-09,1685.2
M4_K64_res84,29950,0.6009899973869324,0.3133805990219116,0.24673156440258026,0.1635112166404724,39.55269241333008,1.1446540910620139e-09,1687.9
M4_K64_res84,30000,0.6299130916595459,0.3266575038433075,0.2530374228954315,0.20087260007858276,47.153438568115234,4.4008342803270033e-13,1690.7
M8_K128_res84,1,2.769866943359375,1.3628758192062378,1.2735254764556885,0.5338628888130188,1.0,0.0,0.7
M8_K128_res84,50,1.9024332761764526,1.1105271577835083,0.786522388458252,0.021534757688641548,1.0,7.35e-06,3.5
M8_K128_res84,100,0.972595751285553,0.5654237866401672,0.3988323509693146,0.033358294516801834,1.0,1.4849999999999998e-05,6.2
M8_K128_res84,150,0.5405819416046143,0.27981945872306824,0.25945115089416504,0.005245262756943703,1.0,2.2349999999999998e-05,9.2
M8_K128_res84,200,0.3504188656806946,0.17660988867282867,0.17322604358196259,0.002331783063709736,1.0,2.9849999999999997e-05,11.9
M8_K128_res84,250,0.2024778574705124,0.10262256860733032,0.0997646301984787,0.0003626396937761456,10.089851379394531,3.734999999999999e-05,14.7
M8_K128_res84,300,0.09768624603748322,0.050499867647886276,0.04713776335120201,0.00019444589270278811,12.321930885314941,4.484999999999999e-05,17.4
M8_K128_res84,350,0.040624286979436874,0.021048739552497864,0.019532792270183563,0.0001710262440610677,9.287596702575684,5.234999999999999e-05,20.2
M8_K128_res84,400,0.01643209531903267,0.00809758622199297,0.008265447802841663,0.0002762488438747823,9.150544166564941,5.984999999999999e-05,23.1
M8_K128_res84,450,0.008692212402820587,0.004110551904886961,0.004517895169556141,0.00025506189558655024,23.344797134399414,6.735e-05,26.0
M8_K128_res84,500,0.005190728697925806,0.0026202574372291565,0.0025505332741886377,7.975200423970819e-05,28.760168075561523,7.485e-05,28.7
M8_K128_res84,550,0.005554549396038055,0.002887331647798419,0.0026422934606671333,9.969710663426667e-05,31.900714874267578,8.235e-05,31.6
M8_K128_res84,600,0.004926425404846668,0.002471717307344079,0.0024351095780730247,7.839499448891729e-05,35.38203048706055,8.984999999999999e-05,34.4
M8_K128_res84,650,0.0051765055395662785,0.0025719336699694395,0.0025711865164339542,0.00013354289694689214,30.287212371826172,9.735e-05,37.4
M8_K128_res84,700,0.00451636454090476,0.0022236250806599855,0.0022721753921359777,8.225651254178956e-05,34.49812316894531,0.00010484999999999999,40.2
M8_K128_res84,750,0.004721156321465969,0.002340148901566863,0.002349188318476081,0.0001272760855499655,34.462646484375,0.00011235,43.0
M8_K128_res84,800,0.004519564099609852,0.0022577501367777586,0.002230745507404208,0.00012427444744389504,35.23975372314453,0.00011984999999999999,45.7
M8_K128_res84,850,0.0046881577000021935,0.0024128188379108906,0.002254570135846734,8.307388634420931e-05,39.50054168701172,0.00012734999999999998,48.5
M8_K128_res84,900,0.00336002791300416,0.0016706312308087945,0.0016642451519146562,0.00010060584463644773,35.180763244628906,0.00013485,51.4
M8_K128_res84,950,0.0020924354903399944,0.0020699272863566875,0.0,9.003240847960114e-05,30.61748504638672,0.00014234999999999996,54.3
M8_K128_res84,1000,0.0033310330472886562,0.001573381363414228,0.001723102293908596,0.0001381975453114137,21.45624542236328,0.00014984999999999998,57.0
M8_K128_res84,1050,0.0030737644992768764,0.0015210809651762247,0.0015334010822698474,7.713066588621587e-05,28.365114212036133,0.00014999894336216446,60.0
M8_K128_res84,1100,0.0034968985710293055,0.001730907242745161,0.0017512172926217318,5.909570609219372e-05,33.135772705078125,0.00014999568678364026,62.8
M8_K128_res84,1150,0.0033848187886178493,0.0016886618686839938,0.001674704602919519,8.58090934343636e-05,38.84799575805664,0.0001499902299198881,66.0
M8_K128_res84,1200,0.0038832309655845165,0.0019352225353941321,0.001916522509418428,0.00012594327563419938,24.363082885742188,0.000149982572931006,68.8
M8_K128_res84,1250,0.0028574576135724783,0.0014116065576672554,0.0014204357285052538,0.00010166122228838503,48.7651481628418,0.00014997271604164094,71.5
M8_K128_res84,1300,0.0028937559109181166,0.0013829802628606558,0.001472504809498787,0.00015308367437683046,26.424434661865234,0.00014996065954098252,74.3
M8_K128_res84,1350,0.002840551547706127,0.0013691993663087487,0.0014544465811923146,6.762248085578904e-05,40.351783752441406,0.00014994640378275423,77.2
M8_K128_res84,1400,0.0033245317172259092,0.0017087450250983238,0.0015930973459035158,9.075700654648244e-05,38.587406158447266,0.0001499299491852033,80.2
M8_K128_res84,1450,0.003366275457665324,0.001729185925796628,0.0016111459117382765,0.0001037746696965769,38.15420150756836,0.00014991129623108824,83.1
M8_K128_res84,1500,0.0028245574794709682,0.0013742479495704174,0.0014338414184749126,6.587199459318072e-05,36.63849639892578,0.00014989044546766475,85.9
M8_K128_res84,1550,0.00421965541318059,0.002293089870363474,0.0018957700813189149,0.00012318312656134367,38.77521896362305,0.00014986739750666976,88.9
M8_K128_res84,1600,0.003721182933077216,0.0019055110169574618,0.0017858060309663415,0.00011946358426939696,32.40168380737305,0.00014984215302430332,91.8
M8_K128_res84,1650,0.003634444670751691,0.0019342463929206133,0.0016682080458849669,0.00012796116061508656,38.132049560546875,0.0001498147127612088,95.1
M8_K128_res84,1700,0.0028506035450845957,0.0014239148003980517,0.0014027401339262724,9.579527250025421e-05,36.126068115234375,0.00014978507752245126,98.0
M8_K128_res84,1750,0.0030049425549805164,0.001450047828257084,0.0015285767149180174,0.00010527222184464335,45.622039794921875,0.0001497532481774938,100.8
M8_K128_res84,1800,0.004721237812191248,0.0024337242357432842,0.0022647399455308914,9.10945818759501e-05,38.23420715332031,0.00014971922566017187,103.7
M8_K128_res84,1850,0.0030253869481384754,0.001457880949601531,0.001535835093818605,0.000126684142742306,32.59309387207031,0.00014968301096866617,106.6
M8_K128_res84,1900,0.0037652309983968735,0.0018389133037999272,0.0019080404890701175,7.310895307455212e-05,43.898197174072266,0.00014964460516547312,109.7
M8_K128_res84,1950,0.0036007685121148825,0.0017995532834902406,0.001786917680874467,5.719017644878477e-05,32.40753936767578,0.0001496040093773738,112.5
M8_K128_res84,2000,0.002924325643107295,0.0014045591233298182,0.0015014315722510219,7.333939720410854e-05,45.42660903930664,0.0001495612247954009,115.4
M8_K128_res84,2050,0.002780469600111246,0.0013785354094579816,0.001387480879202485,5.781232175650075e-05,40.071990966796875,0.0001495162526748037,118.4
M8_K128_res84,2100,0.0027075547259300947,0.0013730403734371066,0.0013197918888181448,5.888988744118251e-05,42.645328521728516,0.00014946909433501135,121.5
M8_K128_res84,2150,0.003342246636748314,0.001578081282787025,0.0017424020916223526,8.705236541572958e-05,41.58522033691406,0.000149419751159594,124.5
M8_K128_res84,2200,0.003358595073223114,0.0015723443357273936,0.0017591295763850212,0.00010848462989088148,42.90719985961914,0.00014936822459622244,127.4
M8_K128_res84,2250,0.0047303419560194016,0.0021832911297678947,0.0025235575158149004,9.397376561537385e-05,40.52022933959961,0.0001493145161566254,130.2
M8_K128_res84,2300,0.003524365369230509,0.0016545971157029271,0.0018429746851325035,0.00010717497207224369,50.68031692504883,0.0001492586274165453,133.1
M8_K128_res84,2350,0.0025221335235983133,0.0012173624709248543,0.0012915716506540775,5.279757169773802e-05,37.16054916381836,0.00014920056001569207,136.2
M8_K128_res84,2400,0.0032438982743769884,0.0015338840894401073,0.001695673679932952,5.736187449656427e-05,40.319129943847656,0.0001491403156576949,139.1
M8_K128_res84,2450,0.0030939627904444933,0.0014794212765991688,0.0015983039047569036,6.495018897112459e-05,36.73649597167969,0.0001490778961100524,142.0
M8_K128_res84,2500,0.002605264773592353,0.0012520159361883998,0.0013367536012083292,6.59818178974092e-05,33.962066650390625,0.00014901330320408066,144.9
M8_K128_res84,2550,0.0026696512941271067,0.0012026356998831034,0.0014583923621103168,3.449319046922028e-05,40.03270721435547,0.00014894653883485958,148.0
M8_K128_res84,2600,0.002212432213127613,0.0010307765332981944,0.0011723366333171725,3.727630610228516e-05,37.43745803833008,0.0001488776049611772,151.0
M8_K128_res84,2650,0.0026201081927865744,0.0012236364418640733,0.0013827704824507236,5.48058669664897e-05,45.75075912475586,0.0001488065036054723,153.9
M8_K128_res84,2700,0.0021247488912194967,0.0009788142051547766,0.0011357096955180168,4.090026777703315e-05,42.63847732543945,0.00014873323685377497,156.8
M8_K128_res84,2750,0.0025656884536147118,0.0012162940111011267,0.0013294749660417438,7.967837154865265e-05,46.59919738769531,0.00014865780685564554,159.6
M8_K128_res84,2800,0.0022210569586604834,0.0009977002628147602,0.0011884706327691674,0.0001395445578964427,37.37586212158203,0.00014858021582411142,162.6
M8_K128_res84,2850,0.0021460773423314095,0.0010106012923642993,0.0011186571791768074,6.727472646161914e-05,42.887943267822266,0.00014850046603560223,165.7
M8_K128_res84,2900,0.002448083134368062,0.0011352307628840208,0.001300992676988244,4.743839963339269e-05,40.28495788574219,0.00014841855982988293,168.6
M8_K128_res84,2950,0.0018583674682304263,0.0008839881629683077,0.0009659995557740331,3.35187760356348e-05,39.30561447143555,0.0001483344996099852,171.4
M8_K128_res84,3000,0.001705771079286933,0.0008061243570409715,0.0008858898654580116,5.502738349605352e-05,43.554290771484375,0.00014824828784213708,174.3
M8_K128_res84,3050,0.0017997983377426863,0.000828431686386466,0.0009551563416607678,6.484166806330904e-05,44.823795318603516,0.0001481599270556904,177.4
M8_K128_res84,3100,0.001688047661446035,0.0007571647875010967,0.0009208847768604755,3.999252658104524e-05,34.958839416503906,0.00014806941984304666,180.5
M8_K128_res84,3150,0.0016204154817387462,0.0007693411316722631,0.0008443356491625309,2.6954734494211152e-05,34.881683349609375,0.00014797676885958103,183.3
M8_K128_res84,3200,0.001707333605736494,0.0007703879382461309,0.0009161488269455731,8.318739855894819e-05,33.718868255615234,0.00014788197682356435,186.1
M8_K128_res84,3250,0.0014624695759266615,0.0007019982440397143,0.0007516841869801283,3.5148656024830416e-05,37.939674377441406,0.00014778504651608352,189.0
M8_K128_res84,3300,0.0015573269920423627,0.0007125623524188995,0.0008354251040145755,3.735831705853343e-05,36.461570739746094,0.00014768598078095964,192.0
M8_K128_res84,3350,0.0015193986473605037,0.0006786039448343217,0.0008159076678566635,9.954805136658251e-05,38.32487106323242,0.0001475847825246649,195.0
M8_K128_res84,3400,0.0015035730320960283,0.0006826913449913263,0.0008047834853641689,6.439271965064108e-05,43.91324996948242,0.00014748145471623706,197.8
M8_K128_res84,3450,0.0014914004132151604,0.0006515115965157747,0.0008329451084136963,2.777480403892696e-05,41.89507293701172,0.00014737600038719254,200.6
M8_K128_res84,3500,0.001321958377957344,0.0006405044114217162,0.000673773349262774,3.072243634960614e-05,44.792301177978516,0.00014726842263143718,203.5
M8_K128_res84,3550,0.0013382324250414968,0.0006155610317364335,0.0007158254738897085,2.7383852284401655e-05,38.42387390136719,0.00014715872460517587,206.7
M8_K128_res84,3600,0.001267660059966147,0.0006012939848005772,0.0006614887970499694,1.9508734112605453e-05,39.20968246459961,0.00014704690952681968,209.6
M8_K128_res84,3650,0.0013379711890593171,0.0005924665601924062,0.0007389016100205481,2.6411715225549415e-05,33.57351303100586,0.0001469329806768914,212.5
M8_K128_res84,3700,0.0012264794204384089,0.0005786039982922375,0.0006415587849915028,2.5266992452088743e-05,40.34266662597656,0.0001468169413979295,215.4
M8_K128_res84,3750,0.001277237432077527,0.0005789910792373121,0.0006871306686662138,4.4462816731538624e-05,42.8386344909668,0.0001466987950943899,218.3
M8_K128_res84,3800,0.0012092412216588855,0.0005670068203471601,0.0006331203621812165,3.645599645096809e-05,40.09773635864258,0.00014657854523254617,221.3
M8_K128_res84,3850,0.0011480761459097266,0.0005467400187626481,0.0005960575072094798,2.1114490664331242e-05,38.068572998046875,0.00014645619534038782,224.2
M8_K128_res84,3900,0.0011558063561096787,0.0005419052904471755,0.0006050085066817701,3.557040326995775e-05,36.08438491821289,0.00014633174900751677,227.0
M8_K128_res84,3950,0.0012011590879410505,0.0005342403892427683,0.0006596393650397658,2.9117354642949067e-05,40.2781867980957,0.000146205209885042,229.9
M8_K128_res84,4000,0.001238688942976296,0.0005562491714954376,0.0006580380140803754,9.760686953086406e-05,36.087398529052734,0.00014607658168547247,232.8
M8_K128_res84,4050,0.0011396828340366483,0.0005248255329206586,0.0006062231259420514,3.453682074905373e-05,34.89704513549805,0.00014594586818260835,236.1
M8_K128_res84,4100,0.0010803784243762493,0.0004993431502953172,0.0005642669857479632,6.7072847741656e-05,34.12038803100586,0.00014581307321142993,238.9
M8_K128_res84,4150,0.00105219183024019,0.0004938868223689497,0.0005513567593879998,2.779282658593729e-05,41.68419647216797,0.00014567820066798553,241.8
M8_K128_res84,4200,0.0010381224565207958,0.000490016071125865,0.000538806663826108,3.719909000210464e-05,42.23678970336914,0.0001455412545092769,244.6
M8_K128_res84,4250,0.00103959278203547,0.0004884717636741698,0.0005440986133180559,2.8089409170206636e-05,37.46030807495117,0.0001454022387531432,247.7
M8_K128_res84,4300,0.001007721177302301,0.00047075748443603516,0.0005315832677297294,2.1521580492844805e-05,39.33091354370117,0.0001452611574781432,250.7
M8_K128_res84,4350,0.00106052088085562,0.00046026636846363544,0.0005934527725912631,2.7207326638745144e-05,33.53567886352539,0.00014511801482343557,253.5
M8_K128_res84,4400,0.0010033841244876385,0.0004555744817480445,0.0005325392703525722,6.108165689511225e-05,38.62997055053711,0.0001449728149886574,256.4
M8_K128_res84,4450,0.0009319075616076589,0.00043780903797596693,0.0004880059859715402,2.4370188839384355e-05,32.128875732421875,0.000144825562233801,259.2
M8_K128_res84,4500,0.0009262189851142466,0.00043584711966104805,0.0004858212487306446,1.820247052819468e-05,32.04024124145508,0.00014467626087908905,262.2
M8_K128_res84,4550,0.0009137222077697515,0.00042556444532237947,0.0004810767131857574,2.832441714417655e-05,30.04462432861328,0.00014452491530484755,265.4
M8_K128_res84,4600,0.0009285758715122938,0.00043106009252369404,0.0004911309224553406,2.5539351554471068e-05,26.227100372314453,0.00014437152995137775,268.2
M8_K128_res84,4650,0.0009080832824110985,0.00041550624882802367,0.0004864340298809111,2.4571936592110433e-05,36.61438751220703,0.00014421610931882538,271.1
M8_K128_res84,4700,0.0008624853217042983,0.0004097794590052217,0.0004476666799746454,2.015675272559747e-05,32.679134368896484,0.00014405865796704898,273.9
M8_K128_res84,4750,0.0008653688710182905,0.0004063383094035089,0.0004528395948000252,2.476377267157659e-05,37.50476837158203,0.00014389918051548604,276.9
M8_K128_res84,4800,0.0009342598496004939,0.0004066472174599767,0.0005124626331962645,6.060007945052348e-05,38.6710319519043,0.00014373768164301735,280.0
M8_K128_res84,4850,0.0008786412072367966,0.0003942037874367088,0.0004756524576805532,3.513992123771459e-05,34.43632888793945,0.00014357416608782984,282.8
M8_K128_res84,4900,0.001000179792754352,0.00038629479240626097,0.0005993761005811393,5.803598469356075e-05,43.02326202392578,0.00014340863864727754,285.7
M8_K128_res84,4950,0.0008230273961089551,0.000385886785807088,0.00043000938603654504,2.852472971426323e-05,45.13494873046875,0.00014324110417774088,288.6
M8_K128_res84,5000,0.0008476299117319286,0.0003749369934666902,0.0004545635893009603,7.251727220136672e-05,52.947872161865234,0.00014307156759448407,291.7
M8_K128_res84,5050,0.0008094889344647527,0.0003719208179973066,0.00043025414925068617,2.925596163549926e-05,39.35022735595703,0.00014290003387151107,294.8
M8_K128_res84,5100,0.0007967425044625998,0.00036602496402338147,0.0004246243042871356,2.4372893676627427e-05,39.464202880859375,0.00014272650804141946,297.7
M8_K128_res84,5150,0.000778303830884397,0.00036355562042444944,0.00040815380634739995,2.6377581889391877e-05,38.16696548461914,0.00014255099519525302,300.6
M8_K128_res84,5200,0.0003862161247525364,0.0003790486662182957,0.0,2.8669812309090048e-05,34.83443069458008,0.0001423735004823522,303.5
M8_K128_res84,5250,0.0007924985839053988,0.00035569508327171206,0.00042767831473611295,3.650095823104493e-05,28.94157600402832,0.00014219402911020302,306.6
M8_K128_res84,5300,0.0008056988590396941,0.0003643171221483499,0.0004327752976678312,3.4425698686391115e-05,29.158361434936523,0.00014201258634428444,309.5
M8_K128_res84,5350,0.0007331742090173066,0.000350949470885098,0.00037601077929139137,2.4855831725290045e-05,34.618412017822266,0.0001418291775079138,312.4
M8_K128_res84,5400,0.0007659322000108659,0.00035048549761995673,0.0004024291702080518,5.206999776419252e-05,31.893640518188477,0.00014164380798209058,315.3
M8_K128_res84,5450,0.0006369452457875013,0.00034346681786701083,0.0002895067445933819,1.5886671462794766e-05,44.92072296142578,0.00014145648320533857,318.3
M8_K128_res84,5500,0.0007119812071323395,0.00032919543446041644,0.00037811833317391574,1.866985985543579e-05,38.29259490966797,0.0001412672086735464,321.4
M8_K128_res84,5550,0.0007529871072620153,0.0003358714748173952,0.00041051750304177403,2.6392497602500953e-05,35.170135498046875,0.0001410759899398062,324.4
M8_K128_res84,5600,0.0006961309700272977,0.00033750597503967583,0.000349964335327968,3.464269684627652e-05,29.044504165649414,0.00014088283261425063,327.3
M8_K128_res84,5650,0.0007046915707178414,0.0003314488858450204,0.0003641823714133352,3.624134842539206e-05,31.877288818359375,0.0001406877423638884,330.2
M8_K128_res84,5700,0.00064465292962268,0.000319193844916299,0.00031994192977435887,2.206855788244866e-05,26.75702476501465,0.00014049072491243794,333.2
M8_K128_res84,5750,0.000671825313474983,0.00033628844539634883,0.0003224002430215478,5.2546285587595776e-05,36.31442642211914,0.0001402917860401596,336.2
M8_K128_res84,5800,0.0006773718632757664,0.00032065738923847675,0.00034857005812227726,3.257776552345604e-05,34.5508918762207,0.00014009093158368578,339.1
M8_K128_res84,5850,0.0006879318389110267,0.0003228331042919308,0.000352842005668208,4.902691216557287e-05,23.90614891052246,0.00013988816743584997,341.9
M8_K128_res84,5900,0.000679679331369698,0.0003172321303281933,0.00035470767761580646,3.095809370279312e-05,29.41737937927246,0.00013968349954551377,344.8
M8_K128_res84,5950,0.0006587564130313694,0.0003161667555104941,0.0003304627607576549,4.850765981245786e-05,37.567386627197266,0.00013947693391739232,347.8
M8_K128_res84,6000,0.0006648591952398419,0.00031328320619650185,0.0003396493848413229,4.7706562327221036e-05,38.46920394897461,0.00013926847661187812,350.8
M8_K128_res84,6050,0.0007266395259648561,0.0003470114024821669,0.0003668382705654949,5.115944077260792e-05,41.120819091796875,0.00013905813374486334,353.8
M8_K128_res84,6100,0.0007309821085073054,0.0003696617786772549,0.0003534628194756806,3.143004869343713e-05,41.41765594482422,0.00013884591148756017,356.7
M8_K128_res84,6150,0.0006195932510308921,0.00029587786411866546,0.00031601815135218203,3.078872396145016e-05,38.79286193847656,0.0001386318160663201,359.7
M8_K128_res84,6200,0.0006284282426349819,0.00030167942168191075,0.00032075351919047534,2.3981338017620146e-05,37.7348747253418,0.00013841585376245084,362.7
M8_K128_res84,6250,0.0006625608075410128,0.00031540991039946675,0.0003364461590535939,4.281895235180855e-05,36.86906433105469,0.00013819803091203242,365.6
M8_K128_res84,6300,0.0006557705346494913,0.00031754226074554026,0.00032990326872095466,3.329992978251539e-05,42.02180862426758,0.00013797835390573095,368.5
M8_K128_res84,6350,0.0006270621670410037,0.00030126795172691345,0.0003172796859871596,3.405804091016762e-05,36.32674026489258,0.0001377568291886114,371.3
M8_K128_res84,6400,0.0007012782734818757,0.0003464721085038036,0.00034182475064881146,5.192557364352979e-05,43.870113372802734,0.00013753346325994843,374.3
M8_K128_res84,6450,0.0025027769152075052,0.0011489326134324074,0.0012242356315255165,0.0005184343317523599,1.1869951486587524,0.00013730826267303558,377.4
M8_K128_res84,6500,0.0007181702530942857,0.0003447554772719741,0.0003555200237315148,7.15788482921198e-05,34.05823516845703,0.00013708123403499312,380.3
M8_K128_res84,6550,0.0006813310901634395,0.00032711014500819147,0.00033991484087891877,5.7224344345740974e-05,41.91549301147461,0.0001368523840065743,383.3
M8_K128_res84,6600,0.000633520947303623,0.00034300415427424014,0.0002772696316242218,5.298886389937252e-05,32.99018478393555,0.0001366217193019697,386.2
M8_K128_res84,6650,0.0006336812512017787,0.00031435012351721525,0.00030788383446633816,4.5789194700773805e-05,33.77534484863281,0.0001363892466886104,389.3
M8_K128_res84,6700,0.0007792349206283689,0.0004242155991960317,0.00033482396975159645,8.078158862190321e-05,17.0954532623291,0.0001361549729869694,392.4
M8_K128_res84,6750,0.0007939102360978723,0.0003425795875955373,0.00043431148515082896,6.807663157815114e-05,34.73415756225586,0.00013591890507036155,395.2
M8_K128_res84,6800,0.0008636394049972296,0.00043770732008852065,0.00040781067218631506,7.248567271744832e-05,21.97318458557129,0.0001356810498647418,398.0
M8_K128_res84,6850,0.0009302187827415764,0.00045634768321178854,0.0004572743782773614,6.63867685943842e-05,27.321956634521484,0.00013544141434850205,400.9
M8_K128_res84,6900,0.0010110670700669289,0.000526607153005898,0.0004704238090198487,5.614443216472864e-05,32.0649299621582,0.0001352000055522665,404.0
M8_K128_res84,6950,0.0013743673916906118,0.0006904858746565878,0.0006552775157615542,0.00011441599781392142,38.15337371826172,0.0001349568305586852,406.9
M8_K128_res84,7000,0.000987613806501031,0.0005109625053592026,0.0004542654496617615,8.954331860877573e-05,33.77796936035156,0.00013471189650222644,409.8
M8_K128_res84,7050,0.0014299220638349652,0.0007091242587193847,0.000696900300681591,9.558980673318729e-05,28.39617156982422,0.0001344652105689673,412.8
M8_K128_res84,7100,0.0005730607081204653,0.0005477552185766399,0.0,0.00010122191451955587,32.83546447753906,0.00013421677999638282,415.7
M8_K128_res84,7150,0.0011543239234015346,0.0006323956768028438,0.00047904797247610986,0.0001715210673864931,29.16759490966797,0.0001339666120731338,418.8
M8_K128_res84,7200,0.0020031665917485952,0.000978264375589788,0.000924297608435154,0.0004024184891022742,19.484067916870117,0.0001337147141388528,421.9
M8_K128_res84,7250,0.002145440084859729,0.0012263924581930041,0.0007971610175445676,0.00048754620365798473,26.528553009033203,0.0001334610935839289,424.8
M8_K128_res84,7300,0.002256041159853339,0.001271194196306169,0.0008113947696983814,0.0006938084261491895,19.212711334228516,0.00013320575784929085,427.6
M8_K128_res84,7350,0.007189076393842697,0.0035295540001243353,0.003376754466444254,0.0011310732224956155,13.50931167602539,0.0001329487144261887,430.5
M8_K128_res84,7400,0.007060269825160503,0.0038720350712537766,0.003031468018889427,0.0006270677549764514,24.804935455322266,0.0001326899708559741,433.6
M8_K128_res84,7450,0.008556348271667957,0.004466635640710592,0.003840108634904027,0.0009984159842133522,22.003032684326172,0.0001324295347298791,436.5
M8_K128_res84,7500,0.007013081572949886,0.0036166540812700987,0.003121502697467804,0.0010996975470334291,21.65102767944336,0.00013216741368879317,439.4
M8_K128_res84,7550,0.010102000087499619,0.005296535324305296,0.004316570702940226,0.0019555753096938133,17.0982666015625,0.00013190361542303935,442.4
M8_K128_res84,7600,0.006438558921217918,0.00346871605142951,0.0021821842528879642,0.0031506342347711325,15.524615287780762,0.00013163814767214844,445.4
M8_K128_res84,7650,0.010984471999108791,0.0057634455151855946,0.004556108731776476,0.002659671474248171,22.61728858947754,0.00013137101822463198,448.5
M8_K128_res84,7700,0.031289491802453995,0.015990804880857468,0.014724267646670341,0.0022976782638579607,26.815876007080078,0.00013110223491775367,451.4
M8_K128_res84,7750,0.041376903653144836,0.021061424165964127,0.019794713705778122,0.0020830603316426277,26.206512451171875,0.00013083180563729958,454.3
M8_K128_res84,7800,0.012489456683397293,0.006751511711627245,0.004770451691001654,0.0038699728902429342,25.366893768310547,0.0001305597383173467,457.2
M8_K128_res84,7850,0.022241398692131042,0.011994953267276287,0.009333375841379166,0.0036522713489830494,28.815349578857422,0.00013028604094003009,460.2
M8_K128_res84,7900,0.013775021769106388,0.007584413513541222,0.0053529622964560986,0.0033505805768072605,40.187705993652344,0.00013001072153530886,463.2
M8_K128_res84,7950,0.05544988438487053,0.02849094197154045,0.026296794414520264,0.0026485887356102467,40.48847579956055,0.00012973378818073047,466.1
M8_K128_res84,8000,0.045637525618076324,0.0231037475168705,0.021258283406496048,0.00510198250412941,41.90489196777344,0.00012945524900119377,469.0
M8_K128_res84,8050,0.05310140177607536,0.027816496789455414,0.02353993058204651,0.006979901809245348,40.53450012207031,0.0001291751121687106,472.0
M8_K128_res84,8100,0.03638126701116562,0.019954580813646317,0.013718530535697937,0.010832615196704865,33.715518951416016,0.0001288933859021661,475.1
M8_K128_res84,8150,0.057925693690776825,0.027984336018562317,0.025476908311247826,0.01785779371857643,36.44536209106445,0.0001286100784670776,478.1
M8_K128_res84,8200,0.09559770673513412,0.0483778640627861,0.04433978721499443,0.011520222760736942,52.506202697753906,0.0001283251981753518,481.0
M8_K128_res84,8250,0.06696859747171402,0.03454096242785454,0.029692435637116432,0.010940798558294773,56.85886764526367,0.00012803875338504144,483.9
M8_K128_res84,8300,0.03963542729616165,0.023330025374889374,0.01315591111779213,0.012597961351275444,47.60017013549805,0.00012775075250009974,486.8
M8_K128_res84,8350,0.13242007791996002,0.06930173933506012,0.06008559837937355,0.012130964547395706,50.85152053833008,0.00012746120397013377,489.9
M8_K128_res84,8400,0.051811959594488144,0.02816709689795971,0.019557422026991844,0.016349758952856064,44.50812911987305,0.00012717011629015688,492.9
M8_K128_res84,8450,0.14053897559642792,0.07503608614206314,0.06122581288218498,0.01710830256342888,58.143348693847656,0.0001268774980003391,495.7
M8_K128_res84,8500,0.0741148516535759,0.039819978177547455,0.02941969782114029,0.019500715658068657,52.96388244628906,0.00012658335768575687,498.6
M8_K128_res84,8550,0.2809291183948517,0.14679962396621704,0.12907274067401886,0.02022711932659149,58.9239501953125,0.000126287703976141,501.7
M8_K128_res84,8600,0.2590585947036743,0.13423651456832886,0.11918045580387115,0.022566573694348335,59.824764251708984,0.00012599054554562352,504.8
M8_K128_res84,8650,0.252659410238266,0.1291782706975937,0.11697033792734146,0.026043139398097992,58.73233413696289,0.00012569189111248321,507.7
M8_K128_res84,8700,0.27001357078552246,0.13628928363323212,0.12537653744220734,0.03339098393917084,68.80008697509766,0.00012539174943888983,510.6
M8_K128_res84,8750,0.22449448704719543,0.11334442347288132,0.10039497911930084,0.04302038252353668,68.63349914550781,0.000125090129330647,513.5
M8_K128_res84,8800,0.0875035971403122,0.050122182816267014,0.02776912786066532,0.03844913840293884,60.89353561401367,0.00012478703963693388,516.5
M8_K128_res84,8850,0.1563887596130371,0.08567529916763306,0.05967959761619568,0.044135428965091705,51.01841354370117,0.00012448248925004557,519.6
M8_K128_res84,8900,0.28309541940689087,0.14890338480472565,0.12233445793390274,0.047430235892534256,63.3094482421875,0.00012417648710513207,522.4
M8_K128_res84,8950,0.3792186677455902,0.1940172165632248,0.17526547610759735,0.039743877947330475,64.6640625,0.00012386904217993644,525.3
M8_K128_res84,9000,0.21267904341220856,0.11321581155061722,0.08402453362941742,0.0617547482252121,57.44083786010742,0.00012356016349453105,528.2
M8_K128_res84,9050,0.4496505558490753,0.22799180448055267,0.20981529355049133,0.04737384617328644,72.27070617675781,0.00012324986011105323,531.4
M8_K128_res84,9100,0.09559565782546997,0.0574069581925869,0.021209347993135452,0.06791739165782928,55.59907150268555,0.0001229381411334392,534.5
M8_K128_res84,9150,0.17482078075408936,0.09667902439832687,0.05844680592417717,0.07877978682518005,50.90592575073242,0.00012262501570715705,537.4
M8_K128_res84,9200,0.12504518032073975,0.07194003462791443,0.032498981803655624,0.08242463320493698,55.98923110961914,0.00012231049301893846,540.3
M8_K128_res84,9250,0.20504578948020935,0.11424466967582703,0.06779875606298447,0.09200945496559143,61.443603515625,0.00012199458229650908,543.1
M8_K128_res84,9300,0.1371021270751953,0.07431746274232864,0.04445585608482361,0.07331524789333344,56.86127853393555,0.0001216772928083179,546.2
M8_K128_res84,9350,0.11791279166936874,0.06576413661241531,0.03061448410153389,0.08613666146993637,48.12857437133789,0.00012135863386326525,549.2
M8_K128_res84,9400,0.4358263909816742,0.21856467425823212,0.19975927472114563,0.07000979781150818,71.9029769897461,0.00012103861481042973,552.1
M8_K128_res84,9450,0.18505939841270447,0.10370875149965286,0.04943243786692619,0.12767285108566284,62.178550720214844,0.00012071724503879389,554.9
M8_K128_res84,9500,0.2656383216381073,0.13729292154312134,0.10094162076711655,0.10961507260799408,68.44962310791016,0.00012039453397696879,557.8
M8_K128_res84,9550,0.28753405809402466,0.15362843871116638,0.10841569304466248,0.10195976495742798,71.97367858886719,0.00012007049109291732,561.0
M8_K128_res84,9600,0.244580939412117,0.12870930135250092,0.08651823550462723,0.11741358041763306,66.21451568603516,0.00011974512589367652,564.0
M8_K128_res84,9650,0.2597903907299042,0.13745930790901184,0.09241415560245514,0.11966770887374878,67.37039184570312,0.00011941844792507861,566.9
M8_K128_res84,9700,0.3259038031101227,0.16847668588161469,0.12762762606143951,0.11919791996479034,63.6447868347168,0.0001190904667714709,569.8
M8_K128_res84,9750,0.3867805302143097,0.19502274692058563,0.16007807850837708,0.12671884894371033,73.85089874267578,0.00011876119205543457,572.8
M8_K128_res84,9800,0.4565451741218567,0.2290142923593521,0.19624216854572296,0.1251547932624817,73.69889068603516,0.00011843063343750247,575.9
M8_K128_res84,9850,0.5009384751319885,0.2557563781738281,0.2104359120130539,0.13898462057113647,65.53471374511719,0.00011809880061587559,578.7
M8_K128_res84,9900,0.5429534912109375,0.2737334370613098,0.2388538271188736,0.12146489322185516,78.23270416259766,0.00011776570332613855,581.6
M8_K128_res84,9950,0.20961004495620728,0.11696044355630875,0.04641502723097801,0.18493834137916565,60.84926986694336,0.000117431351340974,584.5
M8_K128_res84,10000,0.33769768476486206,0.17134274542331696,0.12699921429157257,0.15742290019989014,71.72343444824219,0.00011709575446987587,587.4
M8_K128_res84,10050,0.4598919749259949,0.23579801619052887,0.19179685413837433,0.1291883885860443,75.76068878173828,0.00011675892255886156,590.7
M8_K128_res84,10100,0.268684983253479,0.13746121525764465,0.08219868689775467,0.1961004137992859,62.09354782104492,0.0001164208654901831,593.5
M8_K128_res84,10150,0.20054444670677185,0.11239717155694962,0.03533295542001724,0.21125730872154236,66.58026123046875,0.00011608159318203721,596.5
M8_K128_res84,10200,0.44846516847610474,0.2275044471025467,0.18140053749084473,0.15824082493782043,68.75640106201172,0.00011574111558827429,599.4
M8_K128_res84,10250,0.20626351237297058,0.11115887761116028,0.039041440933942795,0.22425273060798645,63.01113510131836,0.00011539944269810647,602.4
M8_K128_res84,10300,0.3869777321815491,0.20280249416828156,0.13888709247112274,0.1811525821685791,69.66460418701172,0.00011505658453581433,605.4
M8_K128_res84,10350,0.25457483530044556,0.13739758729934692,0.057486142963171005,0.23876440525054932,66.3146743774414,0.00011471255116045309,608.3
M8_K128_res84,10400,0.31696563959121704,0.16553618013858795,0.09991922974586487,0.20604079961776733,67.92588806152344,0.00011436735266555725,611.2
M8_K128_res84,10450,0.3437259793281555,0.17989936470985413,0.10621054470539093,0.2304641604423523,71.4789810180664,0.00011402099917884459,614.0
M8_K128_res84,10500,0.3452082574367523,0.18166474997997284,0.10075099766254425,0.2511700391769409,68.82545471191406,0.00011367350086191895,617.2
M8_K128_res84,10550,0.5885601043701172,0.294567346572876,0.23752185702323914,0.22588348388671875,79.65137481689453,0.00011332486790997215,620.3
M8_K128_res84,10600,0.29666510224342346,0.15738025307655334,0.06925832480192184,0.2801060676574707,64.62162017822266,0.00011297511055148493,623.2
M8_K128_res84,10650,0.3813571631908417,0.19535936415195465,0.1199561357498169,0.2641667127609253,67.5850601196289,0.00011262423904792673,626.1
M8_K128_res84,10700,0.4334864914417267,0.22635819017887115,0.14021113514900208,0.26766863465309143,73.58740234375,0.00011227226369345466,629.0
M8_K128_res84,10750,0.2766112983226776,0.1491193324327469,0.05188068747520447,0.30244511365890503,62.35663986206055,0.00011191919481461162,632.1
M8_K128_res84,10800,0.3649669289588928,0.18982341885566711,0.10066471248865128,0.2979152202606201,83.3617935180664,0.00011156504277002318,635.0
M8_K128_res84,10850,0.6073213815689087,0.30713698267936707,0.24512386322021484,0.22024208307266235,71.60943603515625,0.0001112098179500937,637.9
M8_K128_res84,10900,0.5405405759811401,0.2780184745788574,0.19872255623340607,0.2551983594894409,74.52117919921875,0.00011085353077670151,640.7
M8_K128_res84,10950,0.23518367111682892,0.14488358795642853,0.0,0.36120033264160156,64.84327697753906,0.00011049619170289316,643.7
M8_K128_res84,11000,0.5355995893478394,0.2734242081642151,0.19339995086193085,0.27510178089141846,82.28678894042969,0.00011013781121257675,646.8
M8_K128_res84,11050,0.4185594618320465,0.21441875398159027,0.13142862915992737,0.29084837436676025,69.72509002685547,0.00010977839982021423,649.8
M8_K128_res84,11100,0.32898852229118347,0.17896635830402374,0.06018007546663284,0.35936829447746277,68.30075073242188,0.00010941796807051307,652.7
M8_K128_res84,11150,0.31963086128234863,0.17154288291931152,0.06595204025506973,0.3285437226295471,67.94205474853516,0.00010905652653811684,655.7
M8_K128_res84,11200,0.6942757368087769,0.34900087118148804,0.2762598991394043,0.2760598361492157,76.62281799316406,0.00010869408582729484,658.7
M8_K128_res84,11250,0.4857516884803772,0.24787050485610962,0.15305818617343903,0.3392920196056366,71.60694885253906,0.00010833065657163127,661.8
M8_K128_res84,11300,0.31184840202331543,0.17168854176998138,0.03202534466981888,0.43253809213638306,64.45172882080078,0.00010796624943371285,664.7
M8_K128_res84,11350,0.30754774808883667,0.16654910147190094,0.0432300828397274,0.3910742402076721,65.10231018066406,0.00010760087510481641,667.5
M8_K128_res84,11400,0.4809391498565674,0.2483871579170227,0.14427536725997925,0.3531065583229065,66.20703125,0.0001072345443045949,670.4
M8_K128_res84,11450,0.7264527678489685,0.36712008714675903,0.28934913873672485,0.27993422746658325,66.55778503417969,0.0001068672677807631,673.5
M8_K128_res84,11500,0.30887946486473083,0.17155171930789948,0.0294914823025465,0.4313450753688812,62.60741424560547,0.00010649905630878215,676.5
M8_K128_res84,11550,0.3525596857070923,0.19049721956253052,0.056325286626815796,0.4229487478733063,67.38861083984375,0.00010612992069154347,679.5
M8_K128_res84,11600,0.40255171060562134,0.21538257598876953,0.0745069682598114,0.4506486654281616,70.17089080810547,0.00010575987175905187,682.4
M8_K128_res84,11650,0.5458335280418396,0.28009551763534546,0.17393024265766144,0.3672311305999756,74.52693939208984,0.00010538892036810768,685.4
M8_K128_res84,11700,0.6419131755828857,0.32342734932899475,0.24323996901512146,0.3009834885597229,74.84034729003906,0.00010501707740198834,688.4
M8_K128_res84,11750,0.3619794249534607,0.19780321419239044,0.05186757445335388,0.4492345452308655,68.20403289794922,0.00010464435377012907,691.3
M8_K128_res84,11800,0.6231354475021362,0.3157298266887665,0.2289336919784546,0.3138875961303711,73.37551879882812,0.00010427076040780277,694.2
M8_K128_res84,11850,0.316356360912323,0.18769849836826324,0.0,0.5146315097808838,71.68705749511719,0.00010389630827579921,697.0
M8_K128_res84,11900,0.5846739411354065,0.3057684004306793,0.1798151284456253,0.3963615298271179,75.54179382324219,0.00010352100836010344,700.0
M8_K128_res84,11950,0.3610870838165283,0.1990051567554474,0.04680256173014641,0.4611175060272217,77.01189422607422,0.00010314487167157346,703.1
M8_K128_res84,12000,0.35987627506256104,0.1963053047657013,0.04261350631713867,0.4838297963142395,57.90985107421875,0.0001027679092456173,705.9
M8_K128_res84,12050,0.5917538404464722,0.3081045150756836,0.18992601335048676,0.3748932480812073,70.45548248291016,0.00010239013214186909,708.9
M8_K128_res84,12100,0.35868871212005615,0.19722400605678558,0.034022144973278046,0.5097702145576477,59.96187210083008,0.0001020115514438646,711.8
M8_K128_res84,12150,0.3631370961666107,0.19989924132823944,0.04632186144590378,0.46766397356987,65.34346771240234,0.00010163217825871618,714.8
M8_K128_res84,12200,0.5681765675544739,0.2969106137752533,0.17504587769508362,0.38488030433654785,73.3636245727539,0.00010125202371678683,717.9
M8_K128_res84,12250,0.748500406742096,0.3865470886230469,0.27594226598739624,0.34404420852661133,66.75714111328125,0.0001008710989713636,720.7
M8_K128_res84,12300,0.5184327960014343,0.27233168482780457,0.149104505777359,0.3879864811897278,69.45790100097656,0.0001004894151983304,723.6
M8_K128_res84,12350,0.6584259271621704,0.3381427526473999,0.21895380318164825,0.4053175449371338,77.10698699951172,0.0001001069835958401,726.5
M8_K128_res84,12400,0.38510453701019287,0.21116898953914642,0.059597376734018326,0.45735257863998413,71.59366607666016,9.972381538398611e-05,729.6
M8_K128_res84,12450,0.6921718716621399,0.354719340801239,0.24020066857337952,0.3890073597431183,83.64964294433594,9.933992180447298e-05,732.6
M8_K128_res84,12500,0.4421318471431732,0.23983949422836304,0.07388050109148026,0.5136474370956421,76.26667785644531,9.895531412028674e-05,735.5
M8_K128_res84,12550,0.6309146285057068,0.32510706782341003,0.20846013724803925,0.38938969373703003,74.158935546875,9.857000361536437e-05,738.5
M8_K128_res84,12600,0.43134456872940063,0.23559913039207458,0.07628343999385834,0.47784799337387085,74.17244720458984,9.818400159426287e-05,741.3
M8_K128_res84,12650,0.6208454370498657,0.3240184783935547,0.19606447219848633,0.40304994583129883,75.57249450683594,9.779731938182745e-05,744.5
M8_K128_res84,12700,0.3722706735134125,0.20106157660484314,0.06464195251464844,0.4262685477733612,63.839256286621094,9.740996832285933e-05,747.6
M8_K128_res84,12750,0.3970986604690552,0.2191103994846344,0.051860250532627106,0.5045120120048523,78.14002227783203,9.70219597817829e-05,750.4
M8_K128_res84,12800,0.40428417921066284,0.22390621900558472,0.052896540611982346,0.5099257230758667,74.72453308105469,9.663330514231235e-05,753.3
M8_K128_res84,12850,0.5179516077041626,0.27445030212402344,0.12671448290348053,0.46714723110198975,67.7254638671875,9.624401580711759e-05,756.2
M8_K128_res84,12900,0.5747495889663696,0.3009682595729828,0.16763707995414734,0.42457708716392517,75.1507568359375,9.585410319748976e-05,759.3
M8_K128_res84,12950,0.43178045749664307,0.2386406809091568,0.06872817128896713,0.4976465106010437,73.85065460205078,9.546357875300615e-05,762.2
M8_K128_res84,13000,0.5700374841690063,0.30571505427360535,0.13675457239151,0.5102713108062744,76.96401977539062,9.507245393119454e-05,765.1
M8_K128_res84,13050,0.46907487511634827,0.25671643018722534,0.06691521406173706,0.5817729234695435,74.04586791992188,9.468074020719715e-05,768.1
M8_K128_res84,13100,0.37413784861564636,0.2093089371919632,0.04660957306623459,0.4728773534297943,64.59229278564453,9.428844907343381e-05,771.1
M8_K128_res84,13150,0.4755769968032837,0.25797656178474426,0.0971144586801529,0.48194390535354614,74.41099548339844,9.389559203926488e-05,774.3
M8_K128_res84,13200,0.6777999401092529,0.34767284989356995,0.22142167389392853,0.43482160568237305,79.13835906982422,9.350218063065368e-05,777.2
M8_K128_res84,13250,0.48525553941726685,0.264178067445755,0.09744205325841904,0.49454164505004883,74.3147964477539,9.310822638982807e-05,780.0
M8_K128_res84,13300,0.4202028214931488,0.23187367618083954,0.061559420078992844,0.5070788860321045,66.8147201538086,9.271374087494208e-05,782.9
M8_K128_res84,13350,0.8240420818328857,0.42440202832221985,0.3004741668701172,0.39666372537612915,67.38607025146484,9.231873565973661e-05,785.9
M8_K128_res84,13400,0.5533453226089478,0.29733267426490784,0.14955368638038635,0.42583590745925903,68.19112396240234,9.192322233320005e-05,788.9
M8_K128_res84,13450,0.6005404591560364,0.3146200180053711,0.17828503251075745,0.4305417239665985,62.92766189575195,9.152721249922813e-05,791.7
M8_K128_res84,13500,0.5472078323364258,0.2846985459327698,0.15803653001785278,0.4178909659385681,73.08440399169922,9.113071777628351e-05,794.6
M8_K128_res84,13550,0.48431146144866943,0.2564316391944885,0.1160532534122467,0.4473063349723816,71.51676177978516,9.073374979705492e-05,797.7
M8_K128_res84,13600,0.6007562875747681,0.31689852476119995,0.17534831166267395,0.4340377748012543,78.86339569091797,9.033632020811595e-05,800.7
M8_K128_res84,13650,0.5389506220817566,0.29217976331710815,0.12181173264980316,0.49983635544776917,80.9573745727539,8.993844066958317e-05,803.8
M8_K128_res84,13700,0.43240320682525635,0.2359466552734375,0.06615885347127914,0.5211907625198364,71.181640625,8.95401228547742e-05,806.7
M8_K128_res84,13750,0.45803672075271606,0.24410434067249298,0.09166315197944641,0.48907679319381714,68.12673950195312,8.914137844986515e-05,809.6
M8_K128_res84,13800,0.4052478075027466,0.22493410110473633,0.055044662207365036,0.5010762810707092,73.22826385498047,8.874221915354782e-05,812.5
M8_K128_res84,13850,0.7858036756515503,0.39638373255729675,0.2813619375228882,0.4322317838668823,72.4781494140625,8.834265667668639e-05,815.6
M8_K128_res84,13900,0.47164386510849,0.25483569502830505,0.09819585084915161,0.4744492173194885,78.00790405273438,8.794270274197389e-05,818.5
M8_K128_res84,13950,0.47785478830337524,0.2638392150402069,0.09267217665910721,0.4853735566139221,68.07199096679688,8.75423690835883e-05,821.4
M8_K128_res84,14000,0.3680129647254944,0.20994418859481812,0.029644299298524857,0.5136978626251221,72.53557586669922,8.714166744684818e-05,824.3
M8_K128_res84,14050,0.41316694021224976,0.2237529307603836,0.07136823236942291,0.4721831679344177,71.63009643554688,8.674060958786822e-05,827.4
M8_K128_res84,14100,0.5113614797592163,0.2779777944087982,0.11216088384389877,0.48489126563072205,78.98963165283203,8.633920727321419e-05,830.5
M8_K128_res84,14150,0.4748288094997406,0.26186707615852356,0.0872141420841217,0.5029903650283813,68.96427917480469,8.59374722795578e-05,833.4
M8_K128_res84,14200,0.3969031870365143,0.22680877149105072,0.04038293659687042,0.5188459157943726,71.29740905761719,8.553541639333118e-05,836.4
M8_K128_res84,14250,0.41099193692207336,0.22990787029266357,0.05305769294500351,0.5121054649353027,71.22673034667969,8.513305141038109e-05,839.2
M8_K128_res84,14300,0.7330495119094849,0.3728700280189514,0.2573049068450928,0.4114982485771179,67.37279510498047,8.473038913562278e-05,842.2
M8_K128_res84,14350,0.5024726390838623,0.26964303851127625,0.11344977468252182,0.477519154548645,67.7359619140625,8.432744138269371e-05,845.3
M8_K128_res84,14400,0.7921903729438782,0.4110621213912964,0.2720703184604645,0.436231791973114,76.77363586425781,8.392421997360695e-05,848.1
M8_K128_res84,14450,0.32453083992004395,0.19833295047283173,0.0,0.5047915577888489,68.9751968383789,8.352073673840432e-05,851.0
M8_K128_res84,14500,0.5166498422622681,0.2803763747215271,0.10699373483657837,0.5171190500259399,71.48709106445312,8.311700351480928e-05,853.9
M8_K128_res84,14550,0.6579077243804932,0.34574735164642334,0.18184763193130493,0.52125084400177,80.74214172363281,8.271303214787963e-05,857.1
M8_K128_res84,14600,0.3877820670604706,0.2235437035560608,0.0259269829839468,0.5532455444335938,67.75944519042969,8.230883448966015e-05,860.2
M8_K128_res84,14650,0.6771687269210815,0.357789009809494,0.2179068773984909,0.4058915078639984,66.17322540283203,8.190442239883459e-05,863.1
M8_K128_res84,14700,0.4064192771911621,0.22381502389907837,0.06670694053173065,0.46358925104141235,73.3048095703125,8.149980774037795e-05,866.0
M8_K128_res84,14750,0.6555036902427673,0.34294643998146057,0.19798944890499115,0.458271324634552,73.74466705322266,8.109500238520837e-05,868.8
M8_K128_res84,14800,0.3968028128147125,0.2219250649213791,0.048547036945819855,0.5053228139877319,76.73579406738281,8.069001820983876e-05,871.9
M8_K128_res84,14850,0.46619439125061035,0.2563697099685669,0.08652958273887634,0.4931803345680237,79.87097930908203,8.02848670960284e-05,874.9
M8_K128_res84,14900,0.6343100070953369,0.33239781856536865,0.19893580675125122,0.411905437707901,64.96939086914062,7.987956093043438e-05,877.8
M8_K128_res84,14950,0.4006277620792389,0.22440968453884125,0.04671454802155495,0.5180140733718872,68.1145248413086,7.947411160426281e-05,880.6
M8_K128_res84,15000,0.38803309202194214,0.2259407937526703,0.028730014339089394,0.5334491729736328,75.77919006347656,7.906853101291994e-05,883.6
M8_K128_res84,15050,0.38814473152160645,0.22220583260059357,0.02572011947631836,0.5608751773834229,74.6138687133789,7.866283105566324e-05,886.8
M8_K128_res84,15100,0.728364884853363,0.38167813420295715,0.22855012118816376,0.4725465774536133,72.86737060546875,7.825702363525221e-05,889.8
M8_K128_res84,15150,0.4433949589729309,0.24976292252540588,0.0680467039346695,0.5023412704467773,74.36555480957031,7.785112065759913e-05,892.7
M8_K128_res84,15200,0.4529370665550232,0.2490096539258957,0.07691790163516998,0.5080381035804749,70.4111099243164,7.744513403141994e-05,895.6
M8_K128_res84,15250,0.6942630410194397,0.36157864332199097,0.22535006701946259,0.4293373227119446,62.942848205566406,7.703907566788466e-05,898.5
M8_K128_res84,15300,0.46507465839385986,0.25655895471572876,0.08254726976156235,0.5038736462593079,76.83563995361328,7.663295748026793e-05,901.6
M8_K128_res84,15350,0.44333380460739136,0.2457866221666336,0.06640235334634781,0.5245792865753174,69.079345703125,7.622679138359972e-05,904.5
M8_K128_res84,15400,0.4140442907810211,0.23625856637954712,0.03965768963098526,0.5525121688842773,69.16988372802734,7.582058929431544e-05,907.4
M8_K128_res84,15450,0.40074843168258667,0.22359760105609894,0.04435877129435539,0.5311682224273682,70.26812744140625,7.541436312990662e-05,910.2
M8_K128_res84,15500,0.44779524207115173,0.2539919912815094,0.04946998879313469,0.5773330926895142,73.74720001220703,7.500812480857097e-05,913.3
M8_K128_res84,15550,0.611600935459137,0.3265264928340912,0.16265912353992462,0.48966115713119507,80.2844009399414,7.4601886248863e-05,916.5
M8_K128_res84,15600,0.5004473328590393,0.2728387117385864,0.09952937811613083,0.5123170018196106,75.04969024658203,7.419565936934419e-05,919.4
M8_K128_res84,15650,0.583593487739563,0.31286805868148804,0.1416274458169937,0.5163918733596802,77.56163024902344,7.378945608823327e-05,922.3
M8_K128_res84,15700,0.5277625322341919,0.286034494638443,0.10843455791473389,0.5331737995147705,80.18706512451172,7.338328832305669e-05,925.1
M8_K128_res84,15750,0.3919526934623718,0.22414907813072205,0.03018191084265709,0.5504868030548096,76.86463165283203,7.297716799029884e-05,928.3
M8_K128_res84,15800,0.4462423026561737,0.25283488631248474,0.05242437869310379,0.5639321804046631,80.67263793945312,7.257110700505259e-05,931.3
M8_K128_res84,15850,0.4043838679790497,0.23104000091552734,0.03799080848693848,0.5414122343063354,64.80692291259766,7.216511728066954e-05,934.2
M8_K128_res84,15900,0.3867917060852051,0.22477522492408752,0.0275212824344635,0.5379807949066162,64.19601440429688,7.175921072841062e-05,937.0
M8_K128_res84,15950,0.6016731262207031,0.31761911511421204,0.15411192178726196,0.5197683572769165,73.3708724975586,7.135339925709655e-05,939.9
M8_K128_res84,16000,0.6880315542221069,0.36394837498664856,0.20931898057460785,0.4590569734573364,66.9681396484375,7.094769477275858e-05,943.0
M8_K128_res84,16050,0.4083089828491211,0.23247401416301727,0.041212935000658035,0.5384881496429443,70.03878784179688,7.054210917828898e-05,946.1
M8_K128_res84,16100,0.432708203792572,0.244461327791214,0.0474793016910553,0.5630702376365662,67.95050811767578,7.013665437309199e-05,949.0
M8_K128_res84,16150,0.6330910921096802,0.3356383144855499,0.1864767074584961,0.4439042806625366,69.05085754394531,6.973134225273462e-05,951.9
M8_K128_res84,16200,0.6851654052734375,0.3616519272327423,0.19816231727600098,0.5014048218727112,72.35569763183594,6.932618470859765e-05,954.8
M8_K128_res84,16250,0.47993195056915283,0.26956140995025635,0.0751715898513794,0.5407958626747131,71.71913146972656,6.892119362752691e-05,958.0
M8_K128_res84,16300,0.7677233219146729,0.4033910632133484,0.2451709657907486,0.47664517164230347,72.67991638183594,6.851638089148421e-05,960.8
M8_K128_res84,16350,0.5110296010971069,0.2827364504337311,0.10097524523735046,0.509271502494812,72.73719787597656,6.811175837719908e-05,963.7
M8_K128_res84,16400,0.6041889190673828,0.3244425654411316,0.15622089803218842,0.4941018521785736,72.37336730957031,6.770733795582003e-05,966.5
M8_K128_res84,16450,0.42708489298820496,0.23836766183376312,0.06055973097681999,0.5126299858093262,73.45008850097656,6.730313149256657e-05,969.5
M8_K128_res84,16500,0.4268869161605835,0.24076035618782043,0.041880227625370026,0.5769853591918945,73.80901336669922,6.689915084638078e-05,972.6
M8_K128_res84,16550,0.5082535743713379,0.27632883191108704,0.10851500928401947,0.4936390519142151,69.54476165771484,6.64954078695796e-05,975.6
M8_K128_res84,16600,0.7990984916687012,0.4219752252101898,0.2712942063808441,0.4233162999153137,63.8272590637207,6.609191440750699e-05,978.4
M8_K128_res84,16650,0.4934922158718109,0.2746683955192566,0.08124619722366333,0.550310492515564,84.67427062988281,6.568868229818656e-05,981.4
M8_K128_res84,16700,0.41676193475723267,0.23592640459537506,0.044915150851011276,0.5436815023422241,75.55522918701172,6.528572337197396e-05,984.4
M8_K128_res84,16750,0.4201717674732208,0.24073511362075806,0.044561758637428284,0.5394996404647827,64.1048812866211,6.488304945121012e-05,987.5
M8_K128_res84,16800,0.6364647150039673,0.32533353567123413,0.18985357880592346,0.4851103127002716,69.24034118652344,6.44806723498741e-05,990.4
M8_K128_res84,16850,0.4419100880622864,0.2496967315673828,0.06155744567513466,0.5226236581802368,71.75580596923828,6.407860387323682e-05,993.3
M8_K128_res84,16900,0.3996407389640808,0.23554491996765137,0.021639887243509293,0.569823682308197,74.05733489990234,6.367685581751437e-05,996.1
M8_K128_res84,16950,0.4443556070327759,0.25094786286354065,0.06377802044153214,0.5185189843177795,71.62381744384766,6.327543996952202e-05,999.2
M8_K128_res84,17000,0.579265296459198,0.30947741866111755,0.14915864169597626,0.4825170636177063,75.75147247314453,6.287436810632864e-05,1002.2
M8_K128_res84,17050,0.5660135746002197,0.30538463592529297,0.12932181358337402,0.5252285599708557,67.50354766845703,6.247365199491084e-05,1005.2
M8_K128_res84,17100,0.432202011346817,0.2497495412826538,0.033782556653022766,0.5946797132492065,79.60733032226562,6.207330339180797e-05,1008.1
M8_K128_res84,17150,0.39469584822654724,0.22823366522789001,0.03171613812446594,0.5389841794967651,75.79808807373047,6.167333404277705e-05,1011.0
M8_K128_res84,17200,0.3660535216331482,0.21338185667991638,0.021551623940467834,0.5244801044464111,63.00663375854492,6.12737556824483e-05,1014.1
M8_K128_res84,17250,0.4141526222229004,0.23587432503700256,0.04105531424283981,0.5488919019699097,74.70761108398438,6.087458003398076e-05,1017.1
M8_K128_res84,17300,0.5285118818283081,0.2858872711658478,0.11465058475732803,0.5118960738182068,72.58633422851562,6.047581880871837e-05,1019.9
M8_K128_res84,17350,0.5719031691551208,0.31182610988616943,0.13904082775115967,0.4841448664665222,65.60649871826172,6.007748370584638e-05,1022.8
M8_K128_res84,17400,0.47816115617752075,0.26425257325172424,0.08411768823862076,0.5191635489463806,75.10468292236328,5.967958641204816e-05,1025.7
M8_K128_res84,17450,0.39806798100471497,0.22861312329769135,0.037446510046720505,0.5280333757400513,65.05647277832031,5.9282138601162203e-05,1028.8
M8_K128_res84,17500,0.45833852887153625,0.25220775604248047,0.06683322787284851,0.5571901798248291,76.3155746459961,5.888515193383975e-05,1031.7
M8_K128_res84,17550,0.47138625383377075,0.26660263538360596,0.05897964909672737,0.5832157731056213,87.20085144042969,5.84886380572026e-05,1034.8
M8_K128_res84,17600,0.7494333982467651,0.4009228050708771,0.23109355568885803,0.46966812014579773,64.59392547607422,5.809260860450149e-05,1037.6
M8_K128_res84,17650,0.5750020742416382,0.31786078214645386,0.12295563519001007,0.5367428064346313,78.17080688476562,5.769707519477466e-05,1040.7
M8_K128_res84,17700,0.6433733701705933,0.3367816209793091,0.17855767905712128,0.5121362209320068,75.56380462646484,5.7302049432507046e-05,1043.8
M8_K128_res84,17750,0.47803786396980286,0.262455552816391,0.08187136799097061,0.5348438024520874,74.7950439453125,5.690754290728986e-05,1046.6
M8_K128_res84,17800,0.5524032115936279,0.30848461389541626,0.10460173338651657,0.5572673082351685,78.5948715209961,5.65135671934804e-05,1049.5
M8_K128_res84,17850,0.4598482847213745,0.2542451322078705,0.07159465551376343,0.5360339879989624,69.46541595458984,5.612013384986272e-05,1052.3
M8_K128_res84,17900,0.5500174760818481,0.3056274354457855,0.11011768132448196,0.5370895862579346,77.48765563964844,5.572725441930827e-05,1055.4
M8_K128_res84,17950,0.4250267446041107,0.2482619285583496,0.026740901172161102,0.6000956296920776,79.21707916259766,5.533494042843738e-05,1058.4
M8_K128_res84,18000,0.4106695055961609,0.23757855594158173,0.025239190086722374,0.5914070010185242,74.35257720947266,5.494320338728101e-05,1061.3
M8_K128_res84,18050,0.7337278127670288,0.3783363699913025,0.23406648635864258,0.4852997958660126,62.48000717163086,5.455205478894316e-05,1064.3
M8_K128_res84,18100,0.5763645172119141,0.3174532949924469,0.13582412898540497,0.4923483729362488,66.16051483154297,5.416150610926357e-05,1067.2
M8_K128_res84,18150,0.4687499403953552,0.2578766345977783,0.08276457339525223,0.5124348998069763,69.3271255493164,5.377156880648105e-05,1070.3
M8_K128_res84,18200,0.423407644033432,0.23782141506671906,0.05106472223997116,0.5380860567092896,75.5699691772461,5.338225432089734e-05,1073.3
M8_K128_res84,18250,0.40686196088790894,0.2339026927947998,0.04376765713095665,0.5167664885520935,70.94918060302734,5.299357407454154e-05,1076.2
M8_K128_res84,18300,0.4194195866584778,0.23999406397342682,0.0349186509847641,0.5780274271965027,73.44822692871094,5.260553947083477e-05,1079.1
M8_K128_res84,18350,0.5801960229873657,0.30957579612731934,0.14365023374557495,0.5078799724578857,73.16397094726562,5.22181618942559e-05,1082.0
M8_K128_res84,18400,0.3855867385864258,0.22461600601673126,0.01984056830406189,0.5645205974578857,70.457763671875,5.183145271000727e-05,1085.1
M8_K128_res84,18450,0.48360276222229004,0.27255386114120483,0.06983719766139984,0.5648466944694519,76.76726531982422,5.144542326368148e-05,1088.1
M8_K128_res84,18500,0.5115066170692444,0.2867600619792938,0.08411777019500732,0.562515139579773,76.628662109375,5.106008488092836e-05,1090.9
M8_K128_res84,18550,0.5889500975608826,0.3218952417373657,0.14645515382289886,0.4823988378047943,67.69801330566406,5.067544886712275e-05,1093.9
M8_K128_res84,18600,0.49673011898994446,0.2742864191532135,0.0928446501493454,0.518396258354187,74.69143676757812,5.0291526507032834e-05,1096.9
M8_K128_res84,18650,0.4658132791519165,0.26269280910491943,0.06706131994724274,0.5442366600036621,76.8926010131836,4.9908329064488986e-05,1100.0
M8_K128_res84,18700,0.4986150562763214,0.2831411063671112,0.0730179101228714,0.5698240995407104,76.49934387207031,4.952586778205349e-05,1102.8
M8_K128_res84,18750,0.40692055225372314,0.23851993680000305,0.021660760045051575,0.5869593620300293,67.7642593383789,4.914415388069032e-05,1105.7
M8_K128_res84,18800,0.39077359437942505,0.22949866950511932,0.02093295380473137,0.5613678693771362,78.29742431640625,4.8763198559436424e-05,1108.6
M8_K128_res84,18850,0.3965214490890503,0.23080101609230042,0.026211988180875778,0.55803382396698,79.06299591064453,4.838301299507273e-05,1111.6
M8_K128_res84,18900,0.7095767855644226,0.37463054060935974,0.21386221051216125,0.48433607816696167,69.31734466552734,4.800360834179648e-05,1114.6
M8_K128_res84,18950,0.41098034381866455,0.2537655234336853,0.0,0.628859281539917,72.7813949584961,4.7624995730893846e-05,1117.4
M8_K128_res84,19000,0.5380007028579712,0.2970800995826721,0.12097964435815811,0.479763925075531,70.04840087890625,4.7247186270413505e-05,1120.3
M8_K128_res84,19050,0.7461749315261841,0.3867191970348358,0.24262748658657074,0.46731317043304443,62.44310760498047,4.687019104484053e-05,1123.4
M8_K128_res84,19100,0.4303327798843384,0.2494102120399475,0.040262818336486816,0.5626389980316162,81.82080078125,4.64940211147714e-05,1126.4
M8_K128_res84,19150,0.44746527075767517,0.25133660435676575,0.060422565788030624,0.542824387550354,78.61046600341797,4.61186875165893e-05,1129.4
M8_K128_res84,19200,0.536991536617279,0.2919711470603943,0.12358330190181732,0.4857482612133026,75.0739974975586,4.574420126214053e-05,1132.3
M8_K128_res84,19250,0.39048099517822266,0.22749477624893188,0.03504470735788345,0.5117661356925964,70.20496368408203,4.5370573338411226e-05,1135.2
M8_K128_res84,19300,0.616916298866272,0.3331049978733063,0.15059785544872284,0.532853901386261,74.6809310913086,4.499781470720515e-05,1138.1
M8_K128_res84,19350,0.4079657196998596,0.23659160733222961,0.04002371057868004,0.5254015922546387,65.40528869628906,4.462593630482205e-05,1141.2
M8_K128_res84,19400,0.4044268727302551,0.23630866408348083,0.02886004000902176,0.5570326447486877,72.76528930664062,4.425494904173676e-05,1144.2
M8_K128_res84,19450,0.3892364799976349,0.2273498773574829,0.02928059548139572,0.5304239988327026,80.97884368896484,4.3884863802279226e-05,1147.1
M8_K128_res84,19500,0.5671274065971375,0.30083635449409485,0.14615269005298615,0.48055341839790344,68.6988525390625,4.3515691444314944e-05,1149.9
M8_K128_res84,19550,0.5749061703681946,0.3032168447971344,0.1507570892572403,0.48372882604599,74.17662048339844,4.314744279892668e-05,1153.0
M8_K128_res84,19600,0.4148372411727905,0.23938046395778656,0.04694598168134689,0.5140432119369507,74.59693908691406,4.278012867009643e-05,1156.1
M8_K128_res84,19650,0.6479893922805786,0.3484098017215729,0.17180749773979187,0.5110883712768555,78.13279724121094,4.24137598343887e-05,1159.0
M8_K128_res84,19700,0.4037822484970093,0.23170334100723267,0.04593091458082199,0.5045919418334961,71.21158599853516,4.204834704063408e-05,1161.8
M8_K128_res84,19750,0.42787671089172363,0.24041137099266052,0.06284132599830627,0.4984961152076721,70.78994750976562,4.1683901009614155e-05,1164.7
M8_K128_res84,19800,0.44777238368988037,0.2551177740097046,0.05197140574455261,0.5627328753471375,70.24461364746094,4.132043243374673e-05,1167.6
M8_K128_res84,19850,0.43091830611228943,0.24530483782291412,0.04745312035083771,0.5526413917541504,81.75633239746094,4.095795197677223e-05,1170.8
M8_K128_res84,19900,0.39202648401260376,0.22541995346546173,0.04010193794965744,0.5060184597969055,74.18135833740234,4.059647027344082e-05,1173.7
M8_K128_res84,19950,0.5082844495773315,0.2811754047870636,0.10210853070020676,0.5000020265579224,69.63059997558594,4.023599792920052e-05,1176.6
M8_K128_res84,20000,0.5369640588760376,0.2830359637737274,0.13477709889411926,0.4766039252281189,60.56509780883789,3.98765455198858e-05,1179.5
M8_K128_res84,20050,0.3676762878894806,0.21780602633953094,0.020283924415707588,0.5183453559875488,72.47179412841797,3.951812359140755e-05,1182.7
M8_K128_res84,20100,0.5223609805107117,0.27736160159111023,0.14075371623039246,0.41698262095451355,65.66875457763672,3.916074265944349e-05,1185.7
M8_K128_res84,20150,0.655709981918335,0.34799933433532715,0.18073689937591553,0.5078948736190796,65.9144287109375,3.8804413209129724e-05,1188.6
M8_K128_res84,20200,0.7556183934211731,0.3958725333213806,0.23725228011608124,0.4899742007255554,69.13301849365234,3.844914569475323e-05,1191.6
M8_K128_res84,20250,0.4277561902999878,0.24347810447216034,0.0474715530872345,0.5472261905670166,78.52261352539062,3.8094950539444896e-05,1194.4
M8_K128_res84,20300,0.4606361389160156,0.259735643863678,0.06425172090530396,0.5465950965881348,76.35193634033203,3.774183813487393e-05,1197.5
M8_K128_res84,20350,0.7105531096458435,0.36969149112701416,0.2219114601612091,0.47580066323280334,71.53060913085938,3.738981884094286e-05,1200.4
M8_K128_res84,20400,0.5723532438278198,0.30501788854599,0.1389191746711731,0.513664722442627,71.8873062133789,3.7038902985483736e-05,1203.3
M8_K128_res84,20450,0.4274425208568573,0.2448049783706665,0.04981793463230133,0.5312784910202026,78.87190246582031,3.6689100863954884e-05,1206.2
M8_K128_res84,20500,0.6115108728408813,0.3230801522731781,0.17441295087337494,0.45607125759124756,61.39325714111328,3.634042273913911e-05,1209.1
M8_K128_res84,20550,0.44703102111816406,0.2532202899456024,0.06679107248783112,0.5080786347389221,73.59898376464844,3.5992878840842375e-05,1212.4
M8_K128_res84,20600,0.39290112257003784,0.2269129455089569,0.03708919137716293,0.5155958533287048,69.66451263427734,3.5646479365593895e-05,1215.3
M8_K128_res84,20650,0.6800514459609985,0.35520076751708984,0.20214185118675232,0.4908353090286255,68.92351531982422,3.530123447634667e-05,1218.2
M8_K128_res84,20700,0.38846099376678467,0.22636301815509796,0.03159752115607262,0.5220018625259399,80.8916244506836,3.49571543021797e-05,1221.2
M8_K128_res84,20750,0.41736477613449097,0.23512780666351318,0.05362467095255852,0.5144492387771606,71.09900665283203,3.461424893800048e-05,1224.2
M8_K128_res84,20800,0.5071479082107544,0.27541685104370117,0.10163341462612152,0.5203906297683716,75.94892120361328,3.427252844424906e-05,1227.3
M8_K128_res84,20850,0.38356274366378784,0.2269369214773178,0.02264232188463211,0.5359339714050293,73.31183624267578,3.393200284660272e-05,1230.2
M8_K128_res84,20900,0.5085180997848511,0.278676837682724,0.10850324481725693,0.48535212874412537,71.3501968383789,3.359268213568189e-05,1233.1
M8_K128_res84,20950,0.3812694549560547,0.22225406765937805,0.0363045409321785,0.49084338545799255,69.87039947509766,3.3254576266757095e-05,1235.9
M8_K128_res84,21000,0.417677104473114,0.24096694588661194,0.04326634854078293,0.5337751507759094,66.72767639160156,3.2917695159456796e-05,1239.0
M8_K128_res84,21050,0.36143821477890015,0.22319145500659943,0.0,0.5529869794845581,81.85076904296875,3.2582048697476364e-05,1242.2
M8_K128_res84,21100,0.6577232480049133,0.34050002694129944,0.21056444942951202,0.4266350567340851,54.9079475402832,3.224764672828813e-05,1245.1
M8_K128_res84,21150,0.6434725522994995,0.34364116191864014,0.1613559126853943,0.5539017915725708,74.34481811523438,3.191449906285254e-05,1248.0
M8_K128_res84,21200,0.373942494392395,0.22009089589118958,0.021987393498420715,0.5274567604064941,71.02111053466797,3.1582615475330156e-05,1250.9
M8_K128_res84,21250,0.6936512589454651,0.37114980816841125,0.19456295669078827,0.5117539763450623,69.49586486816406,3.125200570279506e-05,1254.0
M8_K128_res84,21300,0.4582709074020386,0.2499552071094513,0.08895096182823181,0.4774588942527771,71.01908111572266,3.092267944494901e-05,1257.1
M8_K128_res84,21350,0.6751679182052612,0.3505130708217621,0.20975074172019958,0.45961636304855347,74.99288177490234,3.059464636383707e-05,1259.9
M8_K128_res84,21400,0.4920492470264435,0.272115558385849,0.09951268881559372,0.48168396949768066,69.15141296386719,3.0267916083563906e-05,1262.8
M8_K128_res84,21450,0.38346031308174133,0.22515052556991577,0.019364429637789726,0.5557814240455627,77.24388122558594,2.9942498190011595e-05,1265.7
M8_K128_res84,21500,0.3846060335636139,0.22813333570957184,0.020264381542801857,0.544833242893219,74.39374542236328,2.9618402230558295e-05,1268.9
M8_K128_res84,21550,0.4349270462989807,0.2437516450881958,0.06532817333936691,0.5033888220787048,71.01518249511719,2.9295637713798262e-05,1272.0
M8_K128_res84,21600,0.4707375764846802,0.25932297110557556,0.09846248477697372,0.4518084228038788,64.26777648925781,2.8974214109262666e-05,1274.9
M8_K128_res84,21650,0.43716955184936523,0.2509363889694214,0.053894415497779846,0.5293550491333008,78.82219696044922,2.8654140847142015e-05,1277.8
M8_K128_res84,21700,0.724290132522583,0.3735206425189972,0.23092670738697052,0.479371041059494,65.36216735839844,2.8335427318009267e-05,1280.9
M8_K128_res84,21750,0.4058626592159271,0.23690301179885864,0.03823098540306091,0.5229146480560303,73.43135070800781,2.8018082872544407e-05,1284.0
M8_K128_res84,21800,0.49389463663101196,0.2669188678264618,0.10540122538805008,0.48629826307296753,74.25178527832031,2.7702116821260222e-05,1286.9
M8_K128_res84,21850,0.3804641366004944,0.22240589559078217,0.020629364997148514,0.5497154593467712,73.18487548828125,2.738753843422893e-05,1289.7
M8_K128_res84,21900,0.6297024488449097,0.3293856978416443,0.1798897385597229,0.4817081391811371,73.46241760253906,2.707435694081034e-05,1292.6
M8_K128_res84,21950,0.6056138277053833,0.3152284026145935,0.1647719293832779,0.5024540424346924,76.08611297607422,2.6762581529381045e-05,1295.7
M8_K128_res84,22000,0.43298935890197754,0.24712799489498138,0.05439449101686478,0.5258674621582031,79.26798248291016,2.645222134706489e-05,1298.8
M8_K128_res84,22050,0.7133303880691528,0.3772766590118408,0.22138874232769012,0.45865991711616516,59.10196304321289,2.614328549946448e-05,1301.8
M8_K128_res84,22100,0.652682363986969,0.3422139585018158,0.18476532399654388,0.5028124451637268,74.08955383300781,2.5835783050394226e-05,1304.7
M8_K128_res84,22150,0.4227783679962158,0.2411891669034958,0.045101843774318695,0.5459494590759277,78.80998229980469,2.552972302161418e-05,1307.6
M8_K128_res84,22200,0.7311019897460938,0.37424561381340027,0.2311341017484665,0.5028892755508423,67.11858367919922,2.5225114392565604e-05,1310.8
M8_K128_res84,22250,0.4739093482494354,0.2596186399459839,0.09590265154838562,0.47355222702026367,63.34876251220703,2.492196610010733e-05,1313.8
M8_K128_res84,22300,0.529615044593811,0.2874225378036499,0.12694092094898224,0.4610064625740051,72.305419921875,2.4620287038253624e-05,1316.7
M8_K128_res84,22350,0.4490602910518646,0.25572001934051514,0.06480717658996582,0.5141323804855347,70.63504791259766,2.4320086057913272e-05,1319.6
M8_K128_res84,22400,0.3829652667045593,0.22287699580192566,0.03594568371772766,0.4965704083442688,80.12117004394531,2.4021371966629928e-05,1322.6
M8_K128_res84,22450,0.5630192756652832,0.30221742391586304,0.1361345648765564,0.4986690282821655,75.58827209472656,2.372415352832362e-05,1325.7
M8_K128_res84,22500,0.6989610195159912,0.3699309527873993,0.19778208434581757,0.5249919891357422,73.66523742675781,2.3428439463033658e-05,1328.6
M8_K128_res84,22550,0.7487196326255798,0.39192524552345276,0.23345547914505005,0.49335548281669617,66.72830963134766,2.313423844666289e-05,1331.7
M8_K128_res84,22600,0.4334461987018585,0.252320259809494,0.035853754729032516,0.5810887813568115,85.17759704589844,2.284155911072304e-05,1334.6
M8_K128_res84,22650,0.3967045247554779,0.22437594830989838,0.0429905503988266,0.5173521041870117,75.31800079345703,2.2550410042081526e-05,1337.6
M8_K128_res84,22700,0.4438410997390747,0.24787801504135132,0.07208468019962311,0.4955136179924011,74.16278839111328,2.2260799782709488e-05,1340.8
M8_K128_res84,22750,0.36538732051849365,0.2254863828420639,0.0,0.5596038103103638,75.95977783203125,2.197273682943131e-05,1343.6
M8_K128_res84,22800,0.47477012872695923,0.26190122961997986,0.08335554599761963,0.5180534720420837,72.12979888916016,2.1686229633675114e-05,1346.5
M8_K128_res84,22850,0.3773449659347534,0.2206224650144577,0.02110528200864792,0.5424689054489136,74.46380615234375,2.140128660122504e-05,1349.4
M8_K128_res84,22900,0.4968451261520386,0.2723802924156189,0.09926968812942505,0.5007806420326233,68.44035339355469,2.1117916091974422e-05,1352.4
M8_K128_res84,22950,0.5372001528739929,0.2917819917201996,0.12810805439949036,0.4692404568195343,73.70398712158203,2.083612641968069e-05,1355.5
M8_K128_res84,23000,0.4048338532447815,0.2348565012216568,0.03278219699859619,0.5487806797027588,80.38391876220703,2.055592585172133e-05,1358.4
M8_K128_res84,23050,0.6901494264602661,0.3604004383087158,0.21574336290359497,0.45602256059646606,69.14977264404297,2.0277322608851375e-05,1361.4
M8_K128_res84,23100,0.5093698501586914,0.2792339622974396,0.10288776457309723,0.5089923143386841,74.0738296508789,2.0000324864962217e-05,1364.3
M8_K128_res84,23150,0.422340989112854,0.24005606770515442,0.0569692961871624,0.5012625455856323,74.70475769042969,1.9724940746841853e-05,1367.4
M8_K128_res84,23200,0.47183114290237427,0.2604103088378906,0.08464711159467697,0.5070949196815491,63.29722595214844,1.9451178333936313e-05,1370.4
M8_K128_res84,23250,0.6773641705513,0.3522304594516754,0.21193814277648926,0.45278245210647583,70.28314208984375,1.9179045658112793e-05,1373.2
M8_K128_res84,23300,0.4163363575935364,0.23778559267520905,0.040038079023361206,0.5540506839752197,74.33655548095703,1.8908550703423855e-05,1376.1
M8_K128_res84,23350,0.617220401763916,0.3322482109069824,0.1518910974264145,0.5323244333267212,66.76182556152344,1.8639701405873238e-05,1379.0
M8_K128_res84,23400,0.42515748739242554,0.24113142490386963,0.06100265681743622,0.4920935034751892,71.62821960449219,1.837250565318312e-05,1382.1
M8_K128_res84,23450,0.7201874852180481,0.3793962895870209,0.21701061725616455,0.4951222538948059,66.10308837890625,1.8106971284562537e-05,1385.1
M8_K128_res84,23500,0.38788294792175293,0.23018330335617065,0.02147741988301277,0.5448887944221497,76.20967864990234,1.7843106090477503e-05,1387.9
M8_K128_res84,23550,0.38529151678085327,0.21940791606903076,0.04073059558868408,0.5006119608879089,73.70230102539062,1.758091781242238e-05,1390.9
M8_K128_res84,23600,0.4179138243198395,0.23832452297210693,0.047706134617328644,0.527532696723938,66.04008483886719,1.7320414142692877e-05,1393.8
M8_K128_res84,23650,0.7162092328071594,0.3730301260948181,0.2194395512342453,0.49495819211006165,66.76889038085938,1.7061602724160164e-05,1397.1
M8_K128_res84,23700,0.41434043645858765,0.2398543655872345,0.03536108881235123,0.5564999580383301,74.95767211914062,1.680449115004684e-05,1400.0
M8_K128_res84,23750,0.409779816865921,0.235597625374794,0.043498389422893524,0.5227352380752563,82.21039581298828,1.6549086963704006e-05,1402.9
M8_K128_res84,23800,0.4938814342021942,0.2780310809612274,0.08750936388969421,0.5133639574050903,77.4973373413086,1.629539765839007e-05,1405.7
M8_K128_res84,23850,0.36408478021621704,0.21348707377910614,0.02437927946448326,0.5048736929893494,71.16932678222656,1.6043430677050797e-05,1408.7
M8_K128_res84,23900,0.4412094056606293,0.24770045280456543,0.05765847489237785,0.5434019565582275,73.31183624267578,1.579319341210102e-05,1411.8
M8_K128_res84,23950,0.6993997693061829,0.371861070394516,0.20530520379543304,0.4889340400695801,71.95925903320312,1.5544693205207705e-05,1414.7
M8_K128_res84,24000,0.39668959379196167,0.23278433084487915,0.03106531873345375,0.5313597917556763,78.18721008300781,1.5297937347074636e-05,1417.5
M8_K128_res84,24050,0.40435850620269775,0.23741023242473602,0.029769744724035263,0.5487142205238342,66.6775131225586,1.5052933077228361e-05,1420.6
M8_K128_res84,24100,0.37806981801986694,0.21861855685710907,0.03291086480021477,0.5061615705490112,72.57795715332031,1.4809687583806001e-05,1423.6
M8_K128_res84,24150,0.6178150177001953,0.32843655347824097,0.15798446536064148,0.5255759954452515,83.36914825439453,1.4568208003344153e-05,1426.7
M8_K128_res84,24200,0.48226186633110046,0.272167831659317,0.072035051882267,0.5522359609603882,81.91691589355469,1.432850142056963e-05,1429.6
M8_K128_res84,24250,0.35478824377059937,0.22058725357055664,0.0,0.5368039608001709,74.66426849365234,1.4090574868191645e-05,1432.5
M8_K128_res84,24300,0.6805465221405029,0.3622593581676483,0.20091107487678528,0.46950438618659973,64.67279815673828,1.3854435326695273e-05,1435.3
M8_K128_res84,24350,0.49673715233802795,0.2762075960636139,0.10173137485980988,0.475192666053772,78.8294906616211,1.3620089724136942e-05,1438.4
M8_K128_res84,24400,0.4379868507385254,0.2527833878993988,0.040642835199832916,0.5782425999641418,83.496337890625,1.3387544935940909e-05,1441.4
M8_K128_res84,24450,0.35317784547805786,0.2212863564491272,0.0,0.5275659561157227,66.14253234863281,1.3156807784697746e-05,1444.2
M8_K128_res84,24500,0.375720739364624,0.22224293649196625,0.023040536791086197,0.5217490196228027,74.28290557861328,1.2927885039963995e-05,1447.1
M8_K128_res84,24550,0.39037391543388367,0.22558243572711945,0.03849423676729202,0.5051889419555664,73.40666961669922,1.2700783418063728e-05,1450.2
M8_K128_res84,24600,0.5657610893249512,0.3023296892642975,0.1372143030166626,0.5048683285713196,76.67050170898438,1.2475509581891374e-05,1453.3
M8_K128_res84,24650,0.3951066732406616,0.22738824784755707,0.041392259299755096,0.505304753780365,75.4228744506836,1.2252070140716264e-05,1456.3
M8_K128_res84,24700,0.732113778591156,0.38069334626197815,0.24030801653862,0.4444497227668762,65.14913940429688,1.2030471649988738e-05,1459.1
M8_K128_res84,24750,0.4098803699016571,0.23222196102142334,0.051141686737537384,0.5060669183731079,77.29767608642578,1.1810720611147875e-05,1462.0
M8_K128_res84,24800,0.4061795473098755,0.23650655150413513,0.034745827317237854,0.5397085547447205,76.0157241821289,1.159282347143062e-05,1464.9
M8_K128_res84,24850,0.5665557980537415,0.29976746439933777,0.14413917064666748,0.4905967116355896,68.59269714355469,1.1376786623682744e-05,1467.9
M8_K128_res84,24900,0.44671177864074707,0.25429394841194153,0.07135285437107086,0.4842599034309387,69.0384750366211,1.1162616406171213e-05,1470.8
M8_K128_res84,24950,0.37278324365615845,0.2196277529001236,0.02161465585231781,0.5261632800102234,74.02605438232422,1.0950319102398256e-05,1473.7
M8_K128_res84,25000,0.3601900041103363,0.22494548559188843,0.0,0.5409780740737915,83.73756408691406,1.0739900940917046e-05,1476.5
M8_K128_res84,25050,0.41059988737106323,0.23806507885456085,0.03847401589155197,0.5362431406974792,81.04869079589844,1.0531368095148906e-05,1479.6
M8_K128_res84,25100,0.6296432018280029,0.3357169032096863,0.17931130528450012,0.45845991373062134,67.27327728271484,1.0324726683202217e-05,1482.6
M8_K128_res84,25150,0.38747403025627136,0.23084266483783722,0.018714655190706253,0.5516668558120728,81.69265747070312,1.0119982767692903e-05,1485.5
M8_K128_res84,25200,0.4993942975997925,0.27558785676956177,0.09857957065105438,0.5009074211120605,70.4841079711914,9.91714235556662e-06,1488.3
M8_K128_res84,25250,0.41694870591163635,0.2400539666414261,0.04488100856542587,0.52805495262146,81.23262786865234,9.716211397922426e-06,1491.2
M8_K128_res84,25300,0.3503373861312866,0.21904464066028595,0.0,0.5251710414886475,75.3575210571289,9.517195789838264e-06,1494.2
M8_K128_res84,25350,0.3916761875152588,0.22233527898788452,0.04361030086874962,0.5029224157333374,66.5715560913086,9.320101370197949e-06,1497.2
M8_K128_res84,25400,0.690004825592041,0.3683938980102539,0.1990576684474945,0.4902128577232361,67.26019287109375,9.124933921519913e-06,1500.0
M8_K128_res84,25450,0.6478395462036133,0.34963753819465637,0.17375068366527557,0.49780547618865967,70.31964874267578,8.931699169787504e-06,1502.9
M8_K128_res84,25500,0.5653809309005737,0.3074616491794586,0.13085095584392548,0.5082733631134033,78.2159194946289,8.740402784281013e-06,1505.8
M8_K128_res84,25550,0.3634234070777893,0.2128988355398178,0.02079041860997677,0.5189366340637207,74.02457427978516,8.551050377411364e-06,1509.0
M8_K128_res84,25600,0.6332864761352539,0.3354039788246155,0.17160578072071075,0.5051068663597107,69.69670867919922,8.363647504555429e-06,1511.9
M8_K128_res84,25650,0.3872424364089966,0.23077605664730072,0.02035425417125225,0.5444484353065491,73.93303680419922,8.178199663893036e-06,1514.8
M8_K128_res84,25700,0.5888200998306274,0.310685396194458,0.1628485471010208,0.4611446261405945,73.0589370727539,7.994712296245698e-06,1517.7
M8_K128_res84,25750,0.4508720636367798,0.2485012412071228,0.09131533652544022,0.44422197341918945,62.89952087402344,7.813190784916915e-06,1520.6
M8_K128_res84,25800,0.3572196364402771,0.22255659103393555,0.0,0.5386521816253662,70.45201873779297,7.633640455534284e-06,1523.6
M8_K128_res84,25850,0.4914339482784271,0.26943477988243103,0.10343680530786514,0.4742495119571686,71.09751892089844,7.456066575893274e-06,1526.5
M8_K128_res84,25900,0.6407814025878906,0.34099912643432617,0.1738460659980774,0.5037448406219482,78.64075469970703,7.280474355802618e-06,1529.4
M8_K128_res84,25950,0.39647865295410156,0.23006072640419006,0.039213113486766815,0.5088192224502563,81.17047882080078,7.10686894693149e-06,1532.2
M8_K128_res84,26000,0.37169814109802246,0.2198774367570877,0.016843855381011963,0.5399073362350464,68.61046600341797,6.935255442658344e-06,1535.2
M8_K128_res84,26050,0.47353506088256836,0.26734697818756104,0.07130591571331024,0.5395286083221436,70.99124145507812,6.765638877921545e-06,1538.4
M8_K128_res84,26100,0.39703941345214844,0.23510687053203583,0.023212138563394547,0.5548816323280334,68.35161590576172,6.598024229071541e-06,1541.3
M8_K128_res84,26150,0.4759769141674042,0.26583218574523926,0.0905330553650856,0.47844669222831726,81.20799255371094,6.432416413724997e-06,1544.1
M8_K128_res84,26200,0.7205615043640137,0.3778068423271179,0.22182120382785797,0.48373401165008545,72.34197235107422,6.268820290620366e-06,1547.0
M8_K128_res84,26250,0.4776753783226013,0.26601770520210266,0.08527184277772903,0.5055433511734009,77.96037292480469,6.107240659475454e-06,1549.9
M8_K128_res84,26300,0.4290686249732971,0.24295705556869507,0.050966598093509674,0.5405799746513367,81.20133972167969,5.947682260846559e-06,1553.0
M8_K128_res84,26350,0.41906529664993286,0.2429075837135315,0.037370845675468445,0.5551473498344421,73.76907348632812,5.790149775989422e-06,1555.8
M8_K128_res84,26400,0.6298230886459351,0.33802133798599243,0.16371464729309082,0.5123484134674072,65.69126892089844,5.634647826721797e-06,1558.7
M8_K128_res84,26450,0.4365918040275574,0.24574893712997437,0.053911395370960236,0.5477258563041687,74.81480407714844,5.481180975287991e-06,1561.5
M8_K128_res84,26500,0.46481287479400635,0.2568821310997009,0.0853586420416832,0.4902883470058441,77.49537658691406,5.329753724224864e-06,1564.5
M8_K128_res84,26550,0.6740130186080933,0.35618162155151367,0.18692849576473236,0.5236115455627441,73.68901824951172,5.180370516229818e-06,1567.7
M8_K128_res84,26600,0.5364394187927246,0.28816840052604675,0.12764473259449005,0.4825051724910736,75.14014434814453,5.033035734030483e-06,1570.5
M8_K128_res84,26650,0.5059407353401184,0.28227728605270386,0.09316437691450119,0.521996259689331,73.88426208496094,4.887753700256023e-06,1573.4
M8_K128_res84,26700,0.3539161682128906,0.22058908641338348,0.0,0.5333083868026733,71.8423843383789,4.744528677310408e-06,1576.3
M8_K128_res84,26750,0.4603527784347534,0.26057299971580505,0.07281502336263657,0.50785893201828,76.5870132446289,4.60336486724732e-06,1579.3
M8_K128_res84,26800,0.42486128211021423,0.2429748922586441,0.0623670294880867,0.47807741165161133,75.3799819946289,4.46426641164691e-06,1582.3
M8_K128_res84,26850,0.34128737449645996,0.21349304914474487,0.0,0.5111772418022156,75.66656494140625,4.3272373914941985e-06,1585.1
M8_K128_res84,26900,0.3979991674423218,0.23460319638252258,0.019257675856351852,0.5765531659126282,83.7032699584961,4.192281827059482e-06,1588.0
M8_K128_res84,26950,0.5219509601593018,0.28239676356315613,0.11927691102027893,0.48110902309417725,60.99059295654297,4.059403677780232e-06,1590.9
M8_K128_res84,27000,0.5461956262588501,0.28737080097198486,0.1430603712797165,0.4630576968193054,63.501888275146484,3.928606842145046e-06,1594.0
M8_K128_res84,27050,0.4472705125808716,0.24653926491737366,0.08313543349504471,0.47038334608078003,65.26518249511719,3.7998951575792273e-06,1597.2
M8_K128_res84,27100,0.39313971996307373,0.22888189554214478,0.03150134161114693,0.5310258865356445,73.75050354003906,3.673272400332181e-06,1600.0
M8_K128_res84,27150,0.4205452799797058,0.2430286705493927,0.0451064296066761,0.5296406745910645,75.83651733398438,3.548742285366635e-06,1602.9
M8_K128_res84,27200,0.39482176303863525,0.23124967515468597,0.0342278853058815,0.517376720905304,68.70144653320312,3.4263084662496885e-06,1605.8
M8_K128_res84,27250,0.5841312408447266,0.32093706727027893,0.13852250576019287,0.49868667125701904,81.2454833984375,3.3059745350455554e-06,1608.9
M8_K128_res84,27300,0.40722712874412537,0.23872242867946625,0.03141350299119949,0.5483647584915161,76.17266082763672,3.1877440222102368e-06,1611.8
M8_K128_res84,27350,0.5898888111114502,0.3196544647216797,0.14743494987487793,0.4911975860595703,67.60562896728516,3.071620396487884e-06,1614.7
M8_K128_res84,27400,0.5316615700721741,0.28840717673301697,0.12461083382368088,0.47457411885261536,77.73772430419922,2.9576070648090754e-06,1617.6
M8_K128_res84,27450,0.5186012983322144,0.2888842821121216,0.09285598993301392,0.5474441647529602,84.78064727783203,2.845707372190842e-06,1620.5
M8_K128_res84,27500,0.4262765347957611,0.24354572594165802,0.06203288957476616,0.4827916920185089,73.60597229003906,2.7359246016385257e-06,1623.5
M8_K128_res84,27550,0.44130975008010864,0.2518085539340973,0.05601036548614502,0.5339632630348206,73.33893585205078,2.628261974049484e-06,1626.6
M8_K128_res84,27600,0.5156558752059937,0.2877599596977234,0.09281276166439056,0.5403324961662292,75.61682891845703,2.5227226481185304e-06,1629.4
M8_K128_res84,27650,0.5820492506027222,0.3082898259162903,0.15569639205932617,0.47225213050842285,63.80221939086914,2.419309720245369e-06,1632.3
M8_K128_res84,27700,0.4172687530517578,0.23777446150779724,0.05510594695806503,0.49755340814590454,70.42517852783203,2.318026224443631e-06,1635.4
M8_K128_res84,27750,0.5941513180732727,0.32577085494995117,0.13840728998184204,0.519892692565918,82.92806243896484,2.2188751322519487e-06,1638.4
M8_K128_res84,27800,0.45729199051856995,0.2537856101989746,0.0748477652668953,0.5146344900131226,71.47322082519531,2.1218593526467155e-06,1641.3
M8_K128_res84,27850,0.40243956446647644,0.23383671045303345,0.03246813267469406,0.5445388555526733,77.75102996826172,2.026981731956803e-06,1644.1
M8_K128_res84,27900,0.4607129991054535,0.26282545924186707,0.06325213611125946,0.5385416746139526,75.61408233642578,1.9342450537799563e-06,1647.0
M8_K128_res84,27950,0.3941987156867981,0.2311905473470688,0.028374694287776947,0.5385339856147766,72.9908218383789,1.8436520389012554e-06,1650.0
M8_K128_res84,28000,0.4055447578430176,0.23362261056900024,0.04534458369016647,0.506310224533081,74.64803314208984,1.7552053452131564e-06,1653.1
M8_K128_res84,28050,0.5201610326766968,0.28711894154548645,0.1033020168542862,0.5189602375030518,71.62852478027344,1.6689075676376285e-06,1656.2
M8_K128_res84,28100,0.507209300994873,0.27927330136299133,0.10934948176145554,0.4743460416793823,68.79844665527344,1.5847612380499475e-06,1659.0
M8_K128_res84,28150,0.4070582091808319,0.23727820813655853,0.030829627066850662,0.555801510810852,72.27632141113281,1.5027688252044146e-06,1662.0
M8_K128_res84,28200,0.4387712776660919,0.24876654148101807,0.06360772252082825,0.5055880546569824,73.86639404296875,1.4229327346619968e-06,1665.1
M8_K128_res84,28250,0.38235968351364136,0.2370806485414505,0.0,0.5811161994934082,73.04524230957031,1.345255308719667e-06,1668.0
M8_K128_res84,28300,0.456958532333374,0.2528928518295288,0.07953339070081711,0.4981291890144348,76.62690734863281,1.269738826341718e-06,1670.9
M8_K128_res84,28350,0.3831276595592499,0.2274760752916336,0.023508965969085693,0.5285705327987671,73.55699157714844,1.1963855030929059e-06,1673.8
M8_K128_res84,28400,0.5740112662315369,0.3107973039150238,0.13992030918598175,0.49317461252212524,78.23640441894531,1.1251974910734457e-06,1676.6
M8_K128_res84,28450,0.4438772201538086,0.25006020069122314,0.0761406421661377,0.470705509185791,75.9925308227539,1.0561768788558772e-06,1679.7
M8_K128_res84,28500,0.3671572208404541,0.21466881036758423,0.026204925030469894,0.5051339864730835,70.04222106933594,9.893256914237646e-07,1682.6
M8_K128_res84,28550,0.7077946662902832,0.380389541387558,0.20045053958892822,0.5078182816505432,74.83100128173828,9.246458901122938e-07,1685.7
M8_K128_res84,28600,0.38868004083633423,0.22850960493087769,0.020965052768588066,0.5568214654922485,87.76303100585938,8.621393725507686e-07,1688.5
M8_K128_res84,28650,0.39247167110443115,0.2300163209438324,0.03008127771317959,0.5294963717460632,74.94931030273438,8.0180797260688e-07,1691.4
M8_K128_res84,28700,0.40807297825813293,0.23305612802505493,0.04710229113698006,0.5116581916809082,73.14391326904297,7.436534603329158e-07,1694.6
M8_K128_res84,28750,0.5270572900772095,0.29408392310142517,0.10904977470636368,0.4956943392753601,72.461181640625,6.876775419138614e-07,1697.5
M8_K128_res84,28800,0.48160529136657715,0.26224762201309204,0.09106692671775818,0.5131629109382629,83.50780487060547,6.338818596173218e-07,1700.3
M8_K128_res84,28850,0.7112159729003906,0.379194438457489,0.20970577001571655,0.489263117313385,68.71199035644531,5.822679917453194e-07,1703.2
M8_K128_res84,28900,0.4027714133262634,0.23021717369556427,0.04415103420615196,0.5136128664016724,74.81851959228516,5.328374525880391e-07,1706.2
M8_K128_res84,28950,0.6073910593986511,0.328135222196579,0.15758003294467926,0.48670315742492676,69.318603515625,4.85591692379339e-07,1709.3
M8_K128_res84,29000,0.5081384181976318,0.269669771194458,0.11477284133434296,0.49478304386138916,67.13314819335938,4.405320972542509e-07,1712.1
M8_K128_res84,29050,0.554535448551178,0.30273470282554626,0.1228325143456459,0.5158728957176208,77.99529266357422,3.9765998920827936e-07,1715.2
M8_K128_res84,29100,0.6574832201004028,0.3524737060070038,0.18024805188179016,0.49904578924179077,72.75921630859375,3.569766260586582e-07,1718.0
M8_K128_res84,29150,0.6286913156509399,0.3416942358016968,0.17132584750652313,0.4626848101615906,71.61763000488281,3.184832014073879e-07,1721.2
M8_K128_res84,29200,0.3524196147918701,0.22057463228702545,0.0,0.5273799896240234,78.49161529541016,2.82180844606264e-07,1724.3
M8_K128_res84,29250,0.3805080056190491,0.22392460703849792,0.027770090848207474,0.5152531862258911,73.05931854248047,2.4807062072374486e-07,1727.2
M8_K128_res84,29300,0.5155222415924072,0.28510066866874695,0.0988394245505333,0.5263285636901855,75.64279174804688,2.1615353051366858e-07,1730.0
M8_K128_res84,29350,0.4054447412490845,0.2367163449525833,0.033563580363988876,0.5406593084335327,77.65991973876953,1.8643051038590983e-07,1732.9
M8_K128_res84,29400,0.4832201600074768,0.27077507972717285,0.0818420797586441,0.5224120020866394,80.12938690185547,1.5890243237891842e-07,1736.0
M8_K128_res84,29450,0.5593667030334473,0.3096965551376343,0.12255828082561493,0.5084474086761475,76.68231201171875,1.3357010413411473e-07,1739.0
M8_K128_res84,29500,0.42734795808792114,0.24632450938224792,0.04893520474433899,0.5283529758453369,79.56031036376953,1.1043426887221706e-07,1741.9
M8_K128_res84,29550,0.41247767210006714,0.23618534207344055,0.049637243151664734,0.506620466709137,82.7117691040039,8.949560537141743e-08,1745.0
M8_K128_res84,29600,0.5155988931655884,0.2806961238384247,0.11341270059347153,0.48596030473709106,67.82109069824219,7.075472794745573e-08,1747.9
M8_K128_res84,29650,0.37840205430984497,0.22397607564926147,0.02028462290763855,0.536565363407135,67.01420593261719,5.4212186435642626e-08,1751.1
M8_K128_res84,29700,0.5108326077461243,0.2827071249485016,0.10633953660726547,0.48714372515678406,68.40968322753906,3.986846617468897e-08,1754.0
M8_K128_res84,29750,0.3858855962753296,0.22944095730781555,0.018033865839242935,0.5536430478096008,80.22171783447266,2.7723987992459008e-08,1756.8
M8_K128_res84,29800,0.3869630694389343,0.22348348796367645,0.03224389627575874,0.5249426960945129,67.81688690185547,1.777910819367179e-08,1759.7
M8_K128_res84,29850,0.4427165389060974,0.25180870294570923,0.06965147703886032,0.48502546548843384,79.33135223388672,1.0034118549401281e-08,1762.6
M8_K128_res84,29900,0.521223783493042,0.29116952419281006,0.11421725898981094,0.4633480906486511,64.64372253417969,4.489246288516546e-09,1765.7
M8_K128_res84,29950,0.6938576698303223,0.37052974104881287,0.20492659509181976,0.4736054241657257,64.57015228271484,1.1446540910620139e-09,1768.6
M8_K128_res84,30000,0.650193452835083,0.34919092059135437,0.17914767563343048,0.48741936683654785,68.63330841064453,4.4008342803270033e-13,1771.5
M4_K64_res128,1,2.696610450744629,1.2033369541168213,1.3680415153503418,0.5009275674819946,1.0,0.0,0.7
M4_K64_res128,50,1.8383662700653076,0.9628148078918457,0.8706504702568054,0.019603535532951355,1.0,7.35e-06,3.9
M4_K64_res128,100,0.9034065008163452,0.4530101716518402,0.44687989354133606,0.014065783470869064,1.0,1.4849999999999998e-05,7.3
M4_K64_res128,150,0.5299639105796814,0.25212806463241577,0.2774403989315033,0.0015819368418306112,1.0,2.2349999999999998e-05,10.7
M4_K64_res128,200,0.3561016023159027,0.16941961646080017,0.18651477992534637,0.0006688345456495881,1.0,2.9849999999999997e-05,13.9
M4_K64_res128,250,0.22179104387760162,0.10212308913469315,0.11961852014064789,0.00019772248924709857,17.528287887573242,3.734999999999999e-05,17.3
M4_K64_res128,300,0.1168777272105217,0.05303787440061569,0.06381422281265259,0.00010253256186842918,22.04902458190918,4.484999999999999e-05,20.7
M4_K64_res128,350,0.0550798736512661,0.023425109684467316,0.03160975128412247,0.0001800459431251511,20.772733688354492,5.234999999999999e-05,24.1
M4_K64_res128,400,0.021995553746819496,0.009128162637352943,0.012843922711908817,9.387225145474076e-05,26.046276092529297,5.984999999999999e-05,27.3
M4_K64_res128,450,0.00986507348716259,0.0040343161672353745,0.005792147945612669,0.00015443647862412035,21.299972534179688,6.735e-05,30.6
M4_K64_res128,500,0.004930988885462284,0.002272184006869793,0.0026298395823687315,0.00011586100299609825,26.530261993408203,7.485e-05,33.9
M4_K64_res128,550,0.004709139931946993,0.002293315250426531,0.002402383601292968,5.376549233915284e-05,26.906352996826172,8.235e-05,37.5
M4_K64_res128,600,0.0038712001405656338,0.0019615786150097847,0.0018973777769133449,4.897417966276407e-05,20.594409942626953,8.984999999999999e-05,40.7
M4_K64_res128,650,0.003968894947320223,0.002011191565543413,0.0019469630206003785,4.2962306906702e-05,19.925052642822266,9.735e-05,44.0
M4_K64_res128,700,0.0039127585478127,0.0017376234754920006,0.002127678133547306,0.0001898276968859136,17.099029541015625,0.00010484999999999999,47.4
M4_K64_res128,750,0.003639940405264497,0.0018027664627879858,0.0018153137061744928,8.744077058508992e-05,29.719240188598633,0.00011235,50.9
M4_K64_res128,800,0.0036117779091000557,0.001757968682795763,0.001828359323553741,0.0001017991453409195,27.857452392578125,0.00011984999999999999,54.3
M4_K64_res128,850,0.003644324839115143,0.00185480248183012,0.0017797015607357025,3.9283146179514006e-05,20.37346076965332,0.00012734999999999998,57.6
M4_K64_res128,900,0.0027332922909408808,0.00134132185485214,0.001380360685288906,4.64384320366662e-05,24.568944931030273,0.00013485,60.9
M4_K64_res128,950,0.003215583274140954,0.0016078418120741844,0.001591142499819398,6.63957471260801e-05,21.49529266357422,0.00014234999999999996,64.4
M4_K64_res128,1000,0.002668428933247924,0.001271317945793271,0.001375497318804264,8.645495108794421e-05,17.41148567199707,0.00014984999999999998,67.7
M4_K64_res128,1050,0.002478728536516428,0.0012357074301689863,0.0012308444129303098,4.870670090895146e-05,22.100032806396484,0.00014999894336216446,71.2
M4_K64_res128,1100,0.0028602236416190863,0.0013591662282124162,0.0014752388233318925,0.00010327431664336473,23.831928253173828,0.00014999568678364026,74.7
M4_K64_res128,1150,0.002674414310604334,0.0013226652517914772,0.001341882860288024,3.946443757740781e-05,25.258108139038086,0.0001499902299198881,78.3
M4_K64_res128,1200,0.0029952307231724262,0.0014659981243312359,0.0015017703408375382,0.00010984991968143731,23.604717254638672,0.000149982572931006,81.6
M4_K64_res128,1250,0.0023643842432647943,0.001147184637375176,0.0012047413038089871,4.9832869990495965e-05,23.623764038085938,0.00014997271604164094,85.0
M4_K64_res128,1300,0.002243074355646968,0.0011157155968248844,0.0011192192323505878,3.2558178645558655e-05,20.99188804626465,0.00014996065954098252,88.4
M4_K64_res128,1350,0.002265726448968053,0.0010961114894598722,0.0011602647136896849,3.7401030567707494e-05,19.184213638305664,0.00014994640378275423,92.0
M4_K64_res128,1400,0.002538889180868864,0.0012588445097208023,0.0012688299175351858,4.485902900341898e-05,22.31279945373535,0.0001499299491852033,95.3
M4_K64_res128,1450,0.002518709748983383,0.0012445151805877686,0.0012642930960282683,3.9605078200111166e-05,24.235628128051758,0.00014991129623108824,98.6
M4_K64_res128,1500,0.0021695925388485193,0.001065074116922915,0.0010889412369579077,6.230862345546484e-05,21.594173431396484,0.00014989044546766475,102.1
M4_K64_res128,1550,0.002782098948955536,0.0014305927325040102,0.001341449562460184,4.022693610750139e-05,21.985870361328125,0.00014986739750666976,105.8
M4_K64_res128,1600,0.002499833470210433,0.0012500921729952097,0.0012253704480826855,9.748320007929578e-05,20.0872802734375,0.00014984215302430332,109.2
M4_K64_res128,1650,0.0024454027879983187,0.0012403660221025348,0.001194424694404006,4.244872980052605e-05,19.02362823486328,0.0001498147127612088,112.6
M4_K64_res128,1700,0.0020742267370224,0.0010144535917788744,0.0010523496894165874,2.969460911117494e-05,13.89734935760498,0.00014978507752245126,116.1
M4_K64_res128,1750,0.0020736127626150846,0.001013668137602508,0.0010454086586833,5.814306496176869e-05,9.869843482971191,0.0001497532481774938,119.7
M4_K64_res128,1800,0.0028800014406442642,0.0015283245593309402,0.0013414365239441395,4.0961382183013484e-05,13.465970993041992,0.00014971922566017187,123.1
M4_K64_res128,1850,0.00207209843210876,0.0010099001228809357,0.001052885316312313,3.7252146285027266e-05,16.878164291381836,0.00014968301096866617,126.6
M4_K64_res128,1900,0.0025565221440047026,0.001308829290792346,0.0012369990581646562,4.277475454728119e-05,12.583090782165527,0.00014964460516547312,130.1
M4_K64_res128,1950,0.002570659387856722,0.0013481257483363152,0.0012139552272856236,3.431403456488624e-05,11.333592414855957,0.0001496040093773738,133.8
M4_K64_res128,2000,0.0019239364191889763,0.0010077832266688347,0.000899320759344846,6.732987822033465e-05,9.423652648925781,0.0001495612247954009,137.3
M4_K64_res128,2050,0.0020527164451777935,0.001002783072181046,0.001034876680932939,6.0226517234696075e-05,13.336051940917969,0.0001495162526748037,140.9
M4_K64_res128,2100,0.0021103527396917343,0.0010207329178228974,0.0010703272419050336,7.717007247265428e-05,20.529081344604492,0.00014946909433501135,144.5
M4_K64_res128,2150,0.002868946874514222,0.0015812090132385492,0.0012695941841229796,7.25753343431279e-05,20.394670486450195,0.000149419751159594,148.2
M4_K64_res128,2200,0.003039021510630846,0.0016888370737433434,0.0013268640032038093,9.328150190412998e-05,12.544838905334473,0.00014936822459622244,151.7
M4_K64_res128,2250,0.006044683046638966,0.003921093884855509,0.002109542489051819,5.618623617920093e-05,17.90711784362793,0.0001493145161566254,155.2
M4_K64_res128,2300,0.004259888082742691,0.0026679267175495625,0.0015754852211102843,6.590432894881815e-05,19.859098434448242,0.0001492586274165453,158.8
M4_K64_res128,2350,0.0022218083031475544,0.001064548036083579,0.0011399437207728624,6.926585774635896e-05,16.77776527404785,0.00014920056001569207,162.4
M4_K64_res128,2400,0.004712291993200779,0.0030784253031015396,0.0016221283003687859,4.695297684520483e-05,20.617361068725586,0.0001491403156576949,165.9
M4_K64_res128,2450,0.0049877469427883625,0.0032988281454890966,0.0016562852542847395,0.00013053385191597044,19.01801872253418,0.0001490778961100524,169.4
M4_K64_res128,2500,0.003673142520710826,0.0022900989279150963,0.0013617775402963161,8.506400627084076e-05,17.95107650756836,0.00014901330320408066,173.0
M4_K64_res128,2550,0.0037667325232177973,0.00240103667601943,0.0013545930851250887,4.4411164708435535e-05,20.37494659423828,0.00014894653883485958,176.8
M4_K64_res128,2600,0.002103208564221859,0.001045648823492229,0.0010436607990413904,5.5596545280423015e-05,23.074920654296875,0.0001488776049611772,180.4
M4_K64_res128,2650,0.005550085101276636,0.003977431450039148,0.0015328697627410293,0.00015913450624793768,19.35296630859375,0.0001488065036054723,183.9
M4_K64_res128,2700,0.0021424617152661085,0.0010428940877318382,0.0010725423926487565,0.0001081015943782404,28.277563095092773,0.00014873323685377497,187.6
M4_K64_res128,2750,0.0054125702008605,0.003513908479362726,0.0017645604675635695,0.0005364048411138356,12.612032890319824,0.00014865780685564554,191.2
M4_K64_res128,2800,0.0027779845986515284,0.0015427223406732082,0.0012190677225589752,6.477784336311743e-05,20.391084671020508,0.00014858021582411142,194.8
M4_K64_res128,2850,0.00305670197121799,0.001838948461227119,0.0012043500319123268,5.3613854106515646e-05,18.443138122558594,0.00014850046603560223,198.3
M4_K64_res128,2900,0.004333652555942535,0.0026750583201646805,0.001640683738514781,7.164093403844163e-05,20.889448165893555,0.00014841855982988293,202.0
M4_K64_res128,2950,0.0023572060745209455,0.0012186749372631311,0.001082208938896656,0.00022528845875058323,16.04128646850586,0.0001483344996099852,205.5
M4_K64_res128,3000,0.0018160170875489712,0.0008754501468501985,0.0009165243245661259,9.617002797313035e-05,23.471860885620117,0.00014824828784213708,209.0
M4_K64_res128,3050,0.002122138626873493,0.0010433481074869633,0.0010616412619128823,6.859757559141144e-05,18.269914627075195,0.0001481599270556904,212.8
M4_K64_res128,3100,0.0016664246795699,0.0007883809157647192,0.0008566724136471748,8.548553159926087e-05,19.390790939331055,0.00014806941984304666,216.5
M4_K64_res128,3150,0.0018129927339032292,0.0009161344496533275,0.0008868529112078249,4.002129571745172e-05,23.44610023498535,0.00014797676885958103,220.0
M4_K64_res128,3200,0.0019464587094262242,0.000982455094344914,0.000948433589655906,6.227966514416039e-05,15.808792114257812,0.00014788197682356435,223.5
M4_K64_res128,3250,0.0015228454722091556,0.0007085663382895291,0.0007984262192621827,6.341121479636058e-05,18.402725219726562,0.00014778504651608352,227.1
M4_K64_res128,3300,0.001620519789867103,0.000772179220803082,0.0008283414063043892,7.99966073827818e-05,23.858728408813477,0.00014768598078095964,230.7
M4_K64_res128,3350,0.001515362411737442,0.0006633711745962501,0.0007968325517140329,0.00022063503274694085,18.042430877685547,0.0001475847825246649,234.3
M4_K64_res128,3400,0.0015421262942254543,0.0007241888670250773,0.0007870118133723736,0.00012370230979286134,18.396038055419922,0.00014748145471623706,237.8
M4_K64_res128,3450,0.0012420787243172526,0.0006037561688572168,0.0006312832701951265,2.8157086489954963e-05,17.191608428955078,0.00014737600038719254,241.4
M4_K64_res128,3500,0.0012892810627818108,0.0006131361005827785,0.0006688972353003919,2.8991125873290002e-05,18.65261459350586,0.00014726842263143718,245.0
M4_K64_res128,3550,0.0011567703913897276,0.0005497498204931617,0.0006009347853250802,2.4342794858966954e-05,22.723859786987305,0.00014715872460517587,248.7
M4_K64_res128,3600,0.001154173631221056,0.0005310181877575815,0.0006152561400085688,3.1597050110576674e-05,14.493348121643066,0.00014704690952681968,252.3
M4_K64_res128,3650,0.001082819071598351,0.0005173770477995276,0.0005600120057351887,2.172001768485643e-05,24.949874877929688,0.0001469329806768914,256.0
M4_K64_res128,3700,0.0010447280947118998,0.0005149974022060633,0.0005239992751739919,2.2925443772692233e-05,16.163333892822266,0.0001468169413979295,259.6
M4_K64_res128,3750,0.0010485406965017319,0.0005145403556525707,0.0005276695010252297,2.5323464797111228e-05,16.466941833496094,0.0001466987950943899,263.1
M4_K64_res128,3800,0.001039397669956088,0.0004959810758009553,0.0005299655022099614,5.3804265917278826e-05,11.550482749938965,0.00014657854523254617,266.7
M4_K64_res128,3850,0.0009691735613159835,0.0004698180127888918,0.000494339969009161,2.0062263502040878e-05,16.13539695739746,0.00014645619534038782,270.4
M4_K64_res128,3900,0.0009771755430847406,0.0004655491793528199,0.0005051312036812305,2.5980720238294452e-05,15.953627586364746,0.00014633174900751677,274.0
M4_K64_res128,3950,0.0010066526010632515,0.00047646084567531943,0.0005243596388027072,2.332892472622916e-05,8.23364543914795,0.000146205209885042,277.5
M4_K64_res128,4000,0.0009736504289321601,0.0004660218837670982,0.0004976057098247111,4.009128315374255e-05,14.473849296569824,0.00014607658168547247,281.1
M4_K64_res128,4050,0.0009621365461498499,0.00045493486686609685,0.000498408917337656,3.517089135129936e-05,12.233680725097656,0.00014594586818260835,284.9
M4_K64_res128,4100,0.0009186306269839406,0.0004275666724424809,0.00047957300557754934,4.596386861521751e-05,11.424269676208496,0.00014581307321142993,288.4
M4_K64_res128,4150,0.000872730917762965,0.0004304808680899441,0.0004366339708212763,2.246414078399539e-05,10.676895141601562,0.00014567820066798553,291.9
M4_K64_res128,4200,0.0009050561930052936,0.00043525267392396927,0.0004634444776456803,2.5436083888052963e-05,12.985041618347168,0.0001455412545092769,295.4
M4_K64_res128,4250,0.0008816804620437324,0.0004260872374288738,0.00044940836960449815,2.4739485525060445e-05,9.392948150634766,0.0001454022387531432,299.0
M4_K64_res128,4300,0.0008841073140501976,0.0004161667893640697,0.00046154981828294694,2.556305298639927e-05,5.182231426239014,0.0001452611574781432,302.5
M4_K64_res128,4350,0.0008867537835612893,0.0004119500517845154,0.00046960567124187946,2.0792214854736812e-05,8.173301696777344,0.00014511801482343557,306.0
M4_K64_res128,4400,0.00040842010639607906,0.0004031413118354976,0.0,2.1115147319505922e-05,4.243487358093262,0.0001449728149886574,309.5
M4_K64_res128,4450,0.0008421465172432363,0.0003910959931090474,0.00044650505878962576,1.8181879568146542e-05,5.38832950592041,0.000144825562233801,313.2
M4_K64_res128,4500,0.0008450272725895047,0.00039374304469674826,0.00044717834680341184,1.642350252950564e-05,10.595523834228516,0.00014467626087908905,316.6
M4_K64_res128,4550,0.0008628637297078967,0.00038931527524255216,0.00045317341573536396,8.150008216034621e-05,8.924901962280273,0.00014452491530484755,320.2
M4_K64_res128,4600,0.0008462324622087181,0.0003889676299877465,0.0004493436135817319,3.16847836074885e-05,6.303680896759033,0.00014437152995137775,323.8
M4_K64_res128,4650,0.0007881660130806267,0.0003759950050152838,0.000409109954489395,1.2244254321558401e-05,8.740230560302734,0.00014421610931882538,327.5
M4_K64_res128,4700,0.00037354076630435884,0.0003701263922266662,0.0,1.3657440831593703e-05,10.426270484924316,0.00014405865796704898,331.0
M4_K64_res128,4750,0.0008237171568907797,0.00036448330502025783,0.0004563485854305327,1.15411494334694e-05,5.042533874511719,0.00014389918051548604,334.5
M4_K64_res128,4800,0.000769997073803097,0.0003630777064245194,0.00040136140887625515,2.2231897673918866e-05,8.065661430358887,0.00014373768164301735,338.0
M4_K64_res128,4850,0.000722160330042243,0.00035020022187381983,0.0003692059253808111,1.1016705684596673e-05,3.3492319583892822,0.00014357416608782984,341.7
M4_K64_res128,4900,0.0009066381608135998,0.0003481310559436679,0.0005443763802759349,5.6522825616411865e-05,9.125182151794434,0.00014340863864727754,345.2
M4_K64_res128,4950,0.0007319300202652812,0.00034519057953730226,0.0003811768547166139,2.2250114852795377e-05,10.302666664123535,0.00014324110417774088,348.7
M4_K64_res128,5000,0.000828531279694289,0.00033729360438883305,0.000489434867631644,7.211234787973808e-06,6.957049369812012,0.00014307156759448407,352.4
M4_K64_res128,5050,0.0007275529205799103,0.0003391129430383444,0.00038426514947786927,1.6699385014362633e-05,6.697384357452393,0.00014290003387151107,356.1
M4_K64_res128,5100,0.0007298062555491924,0.00033454690128564835,0.0003905015764757991,1.903099473565817e-05,3.258406162261963,0.00014272650804141946,359.6
M4_K64_res128,5150,0.0006721830577589571,0.0003230589791201055,0.00034672211040742695,9.607726497051772e-06,3.0876834392547607,0.00014255099519525302,363.1
M4_K64_res128,5200,0.0006617010221816599,0.00033221597550436854,0.00032714949338696897,9.342318662675098e-06,3.080726146697998,0.0001423735004823522,366.7
M4_K64_res128,5250,0.0006787110469304025,0.00031800789292901754,0.0003559958713594824,1.882928700069897e-05,5.140542507171631,0.00014219402911020302,370.2
M4_K64_res128,5300,0.0009164849179796875,0.0003551537811290473,0.0005235825083218515,0.00015099471784196794,2.2611188888549805,0.00014201258634428444,373.7
M4_K64_res128,5350,0.0006806434248574078,0.00031058830791153014,0.0003661240916699171,1.5724192053312436e-05,3.8674070835113525,0.0001418291775079138,377.2
M4_K64_res128,5400,0.0006256880005821586,0.0003108586242888123,0.00031354083330370486,5.154264272277942e-06,5.59077787399292,0.00014164380798209058,380.9
M4_K64_res128,5450,0.0006499493611045182,0.0003083240590058267,0.00033997371792793274,6.606334409298142e-06,5.209242820739746,0.00014145648320533857,384.5
M4_K64_res128,5500,0.0005854170303791761,0.0002948403707705438,0.0002884131681639701,8.653929398860782e-06,12.192070960998535,0.0001412672086735464,388.1
M4_K64_res128,5550,0.0006117042503319681,0.00030208349926397204,0.00030783136026002467,7.157482741604326e-06,5.435473442077637,0.0001410759899398062,391.7
M4_K64_res128,5600,0.0006205737590789795,0.0002902555279433727,0.00032686980557627976,1.3793811376672238e-05,4.540149211883545,0.00014088283261425063,395.4
M4_K64_res128,5650,0.0006210115388967097,0.00029594628722406924,0.00032199040288105607,1.2299237823754083e-05,2.5575876235961914,0.0001406877423638884,399.0
M4_K64_res128,5700,0.0006120658945292234,0.00029666582122445107,0.00031308605684898794,9.255926670448389e-06,4.8984880447387695,0.00014049072491243794,402.5
M4_K64_res128,5750,0.0005991912330500782,0.000287855276837945,0.00030958931893110275,6.986465450609103e-06,4.093243598937988,0.0001402917860401596,406.0
M4_K64_res128,5800,0.0006250436999835074,0.0002824936527758837,0.0003412420046515763,5.232124294707319e-06,5.1778364181518555,0.00014009093158368578,409.7
M4_K64_res128,5850,0.0005794358439743519,0.00027254916494712234,0.00030544993933290243,5.746982878918061e-06,4.014798641204834,0.00013988816743584997,413.3
M4_K64_res128,5900,0.000576475344132632,0.0002778085763566196,0.00029736271244473755,5.216040335653815e-06,2.5332679748535156,0.00013968349954551377,416.8
M4_K64_res128,5950,0.0005406418349593878,0.00026654661633074284,0.0002722979988902807,7.188821655290667e-06,2.068665027618408,0.00013947693391739232,420.4
M4_K64_res128,6000,0.0005868627340532839,0.00028079532785341144,0.00029735741554759443,3.4840108128264546e-05,2.974682331085205,0.00013926847661187812,424.1
M4_K64_res128,6050,0.0005688084638677537,0.00027259759372100234,0.00029459770303219557,6.452699381043203e-06,5.478097915649414,0.00013905813374486334,427.8
M4_K64_res128,6100,0.0005950999911874533,0.00027778797084465623,0.0003134960134048015,1.5263813111232594e-05,3.6099014282226562,0.00013884591148756017,431.3
M4_K64_res128,6150,0.0005443159025162458,0.0002630561648402363,0.00028014485724270344,4.4597518353839405e-06,2.756870985031128,0.0001386318160663201,435.0
M4_K64_res128,6200,0.000543837493751198,0.00026329493266530335,0.00027879441040568054,6.99269185133744e-06,3.4571876525878906,0.00013841585376245084,438.6
M4_K64_res128,6250,0.0005273413844406605,0.0002572395605966449,0.0002680982288438827,8.01453734311508e-06,5.009792804718018,0.00013819803091203242,442.1
M4_K64_res128,6300,0.0005103433504700661,0.00025924344663508236,0.000249904376687482,4.782085397891933e-06,3.894477128982544,0.00013797835390573095,445.7
M4_K64_res128,6350,0.0005323445657268167,0.000252681493293494,0.00027661427156999707,1.2195161616546102e-05,3.4478232860565186,0.0001377568291886114,449.4
M4_K64_res128,6400,0.0005380890215747058,0.00025584385730326176,0.00027998199220746756,9.052720088220667e-06,5.05052375793457,0.00013753346325994843,453.0
M4_K64_res128,6450,0.0005430070450529456,0.0002533687511458993,0.00028802664019167423,6.446581210184377e-06,3.1094021797180176,0.00013730826267303558,456.6
M4_K64_res128,6500,0.0005112589569762349,0.000246835668804124,0.00026276023709215224,6.652306183241308e-06,6.309865951538086,0.00013708123403499312,460.1
M4_K64_res128,6550,0.0005251067341305315,0.00024809513706713915,0.00027468623011372983,9.301438694819808e-06,7.668463706970215,0.0001368523840065743,464.0
M4_K64_res128,6600,0.0005059364484623075,0.0002502691058907658,0.0002531429927330464,1.0097393897012807e-05,3.5211987495422363,0.0001366217193019697,467.6
M4_K64_res128,6650,0.0005118688568472862,0.0002419154334347695,0.00026804301887750626,7.641437150596175e-06,4.170806884765625,0.0001363892466886104,471.1
M4_K64_res128,6700,0.0005444244015961885,0.00024034336092881858,0.0003001018485520035,1.5916853953967802e-05,6.479128837585449,0.0001361549729869694,474.7
M4_K64_res128,6750,0.000503369839861989,0.0002336834731977433,0.00026618532137945294,1.4004333934281021e-05,7.706048965454102,0.00013591890507036155,478.4
M4_K64_res128,6800,0.0004712388035841286,0.00022970399004407227,0.0002398070937488228,6.910910087754019e-06,5.0125732421875,0.0001356810498647418,481.9
M4_K64_res128,6850,0.0004858708125539124,0.00022878331947140396,0.0002556382678449154,5.796898221888114e-06,2.878798484802246,0.00013544141434850205,485.5
M4_K64_res128,6900,0.0004619844548869878,0.000243742746533826,0.00021206306701060385,2.4714616301935166e-05,3.015537738800049,0.0001352000055522665,489.1
M4_K64_res128,6950,0.00046976562589406967,0.0002296275633852929,0.00023817186593078077,7.864839972171467e-06,2.463505506515503,0.0001349568305586852,492.8
M4_K64_res128,7000,0.0004619041574187577,0.0002234865096397698,0.00023597216932103038,9.7819010989042e-06,5.4409990310668945,0.00013471189650222644,496.3
M4_K64_res128,7050,0.000475385197205469,0.00022321654250845313,0.0002487314632162452,1.3748742276220582e-05,5.043054580688477,0.0001344652105689673,500.0
M4_K64_res128,7100,0.0004273687954992056,0.00022102458751760423,0.00020466651767492294,6.710771231155377e-06,3.9904255867004395,0.00013421677999638282,503.7
M4_K64_res128,7150,0.000529870274476707,0.0002192223910242319,0.00030205707298591733,3.436318365857005e-05,10.822884559631348,0.0001339666120731338,507.4
M4_K64_res128,7200,0.0005041761323809624,0.00021443678997457027,0.00027441486599855125,6.129790563136339e-05,4.811299800872803,0.0001337147141388528,510.9
M4_K64_res128,7250,0.0004204621072858572,0.00020757492166012526,0.0002118251723004505,4.247961896908237e-06,5.028530120849609,0.0001334610935839289,514.4
M4_K64_res128,7300,0.00043345062294974923,0.00021211319835856557,0.00021881936118006706,1.0072215445688926e-05,4.712331295013428,0.00013320575784929085,518.0
M4_K64_res128,7350,0.00042557783308438957,0.0002161763550247997,0.0002058742829831317,1.410874756402336e-05,4.036198616027832,0.0001329487144261887,521.6
M4_K64_res128,7400,0.00040569042903371155,0.00020530693291220814,0.00019766755576711148,1.0863795978366397e-05,6.717949867248535,0.0001326899708559741,525.1
M4_K64_res128,7450,0.0004366246866993606,0.00021626339002978057,0.0002178811264457181,9.920657248585485e-06,5.982604026794434,0.0001324295347298791,528.6
M4_K64_res128,7500,0.0004161947872489691,0.000204675059649162,0.00020992886857129633,6.363490683725104e-06,3.5826504230499268,0.00013216741368879317,532.4
M4_K64_res128,7550,0.00040842193993739784,0.000198517955141142,0.0002075955126201734,9.233983291778713e-06,5.844043254852295,0.00013190361542303935,536.0
M4_K64_res128,7600,0.00039272676804102957,0.0002051277260761708,0.00018620850460138172,5.5621717365283985e-06,3.4557275772094727,0.00013163814767214844,539.6
M4_K64_res128,7650,0.0004648180620279163,0.00021630407718475908,0.0002434743073536083,2.0158759070909582e-05,4.609755516052246,0.00013137101822463198,543.1
M4_K64_res128,7700,0.0004162306140642613,0.0002036665682680905,0.00021067871421109885,7.54128313928959e-06,6.004672050476074,0.00013110223491775367,546.9
M4_K64_res128,7750,0.0004061077197548002,0.0001966318377526477,0.000206615193746984,1.1442813956819009e-05,2.1165268421173096,0.00013083180563729958,550.5
M4_K64_res128,7800,0.0004354094562586397,0.00020196517289150506,0.00022937801259104162,1.626511584618129e-05,7.308530330657959,0.0001305597383173467,554.0
M4_K64_res128,7850,0.00040319308754988015,0.0002021257532760501,0.00019879068713635206,9.106628567678854e-06,5.212751388549805,0.00013028604094003009,557.5
M4_K64_res128,7900,0.0004157313669566065,0.00019699707627296448,0.00021688491688109934,7.397462013614131e-06,5.076310634613037,0.00013001072153530886,561.2
M4_K64_res128,7950,0.000380380661226809,0.00019355659605935216,0.0001841560151660815,1.0672228199837264e-05,9.189814567565918,0.00012973378818073047,564.7
M4_K64_res128,8000,0.0004074795579072088,0.00020357925677672029,0.00020106435113120824,1.1343850019329693e-05,4.226757526397705,0.00012945524900119377,568.3
M4_K64_res128,8050,0.0004419510078150779,0.00020213901007082313,0.000233387530897744,2.569782554928679e-05,4.098989009857178,0.0001291751121687106,572.0
M4_K64_res128,8100,0.00041258748387917876,0.0001995147904381156,0.0002086517633870244,1.7683776604826562e-05,3.4736318588256836,0.0001288933859021661,575.7
M4_K64_res128,8150,0.000428999395808205,0.00020625072647817433,0.00022024751524440944,1.0004583600675687e-05,3.5560312271118164,0.0001286100784670776,579.3
M4_K64_res128,8200,0.0004201715055387467,0.00021350130555219948,0.00020282667537685484,1.5374102076748386e-05,6.528486728668213,0.0001283251981753518,582.8
M4_K64_res128,8250,0.00041070766746997833,0.00021147106599528342,0.00019397845608182251,2.1032505173934624e-05,4.809203147888184,0.00012803875338504144,586.5
M4_K64_res128,8300,0.0004264295566827059,0.00021300080697983503,0.00020914124615956098,1.7150072380900383e-05,3.824629306793213,0.00012775075250009974,590.1
M4_K64_res128,8350,0.0004351612878963351,0.00021525687770918012,0.00021447849576361477,2.1703630409319885e-05,6.102575302124023,0.00012746120397013377,593.7
M4_K64_res128,8400,0.0004535947518888861,0.00022809504298493266,0.00021719359210692346,3.3224496291950345e-05,9.02193546295166,0.00012717011629015688,597.2
M4_K64_res128,8450,0.0004544891999103129,0.0002605053596198559,0.00018447544425725937,3.803364234045148e-05,9.601566314697266,0.0001268774980003391,601.0
M4_K64_res128,8500,0.0005140175926499069,0.00025191984605044127,0.0002529725315980613,3.650096186902374e-05,10.147205352783203,0.00012658335768575687,604.6
M4_K64_res128,8550,0.0005442714900709689,0.0003037426504306495,0.0002300145133631304,4.205728691886179e-05,14.627635955810547,0.000126287703976141,608.3
M4_K64_res128,8600,0.0005858425283804536,0.0003123316855635494,0.0002609610965009779,5.0199058023281395e-05,16.6312313079834,0.00012599054554562352,611.9
M4_K64_res128,8650,0.0007718752603977919,0.0004328044888097793,0.00030279866768978536,0.00014508853200823069,18.180622100830078,0.00012569189111248321,615.7
M4_K64_res128,8700,0.000662425474729389,0.00038923724787309766,0.000248220021603629,9.987289377022535e-05,11.933125495910645,0.00012539174943888983,619.2
M4_K64_res128,8750,0.0012343378039076924,0.000663429731503129,0.0005236850120127201,0.00018889218335971236,19.279945373535156,0.000125090129330647,622.8
M4_K64_res128,8800,0.00148649828042835,0.0007532455492764711,0.0006856485269963741,0.0001904169184854254,11.444263458251953,0.00012478703963693388,626.4
M4_K64_res128,8850,0.0014319460606202483,0.0007399896858260036,0.0006698844954371452,8.828748832456768e-05,12.780709266662598,0.00012448248925004557,630.1
M4_K64_res128,8900,0.0006719426019117236,0.00036146159982308745,0.00026370061095803976,0.0001871216227300465,15.57171630859375,0.00012417648710513207,633.7
M4_K64_res128,8950,0.0030818975064903498,0.0014192014932632446,0.0015283141983672976,0.0005375270266085863,10.004111289978027,0.00012386904217993644,637.3
M4_K64_res128,9000,0.0020644802134484053,0.0009572667768225074,0.0008009872981347144,0.0012249040883034468,7.0599684715271,0.00012356016349453105,640.9
M4_K64_res128,9050,0.0037847300991415977,0.0017961855046451092,0.0016482099890708923,0.0013613383052870631,16.234067916870117,0.00012324986011105323,644.8
M4_K64_res128,9100,0.007669095415621996,0.004046564921736717,0.0035356422886252403,0.00034755258820950985,6.027766227722168,0.0001229381411334392,648.4
M4_K64_res128,9150,0.006589928641915321,0.0034481212496757507,0.0031086925882846117,0.00013246090384200215,7.659400939941406,0.00012262501570715705,652.0
M4_K64_res128,9200,0.0050174216739833355,0.002769801300019026,0.002197936875745654,0.0001987349387491122,15.174941062927246,0.00012231049301893846,655.8
M4_K64_res128,9250,0.00682508759200573,0.0035287155769765377,0.0030880323611199856,0.0008333581499755383,7.987298011779785,0.00012199458229650908,659.5
M4_K64_res128,9300,0.004970708396285772,0.0027003688737750053,0.002132795751094818,0.00055017473641783,12.058292388916016,0.0001216772928083179,663.1
M4_K64_res128,9350,0.024744097143411636,0.012460887432098389,0.012161701917648315,0.00048603088362142444,15.27126693725586,0.00012135863386326525,666.6
M4_K64_res128,9400,0.016265008598566055,0.006586046889424324,0.009271053597331047,0.001631634309887886,12.731732368469238,0.00012103861481042973,670.4
M4_K64_res128,9450,0.026148218661546707,0.013225620612502098,0.011744298040866852,0.004713197238743305,12.758886337280273,0.00012071724503879389,674.0
M4_K64_res128,9500,0.014105004258453846,0.007168663665652275,0.006433273199945688,0.002012271899729967,10.627214431762695,0.00012039453397696879,677.6
M4_K64_res128,9550,0.010449854657053947,0.006325491704046726,0.0031158009078353643,0.004034249112010002,14.73353099822998,0.00012007049109291732,681.4
M4_K64_res128,9600,0.09278848767280579,0.046936288475990295,0.0426795594394207,0.012690559029579163,10.639581680297852,0.00011974512589367652,685.2
M4_K64_res128,9650,0.09826972335577011,0.049583446234464645,0.047925423830747604,0.003043411299586296,9.365302085876465,0.00011941844792507861,688.8
M4_K64_res128,9700,0.0434294193983078,0.03006185218691826,0.010124951601028442,0.012970461510121822,9.051454544067383,0.0001190904667714709,692.4
M4_K64_res128,9750,0.083016537129879,0.041686467826366425,0.039359886199235916,0.007880713790655136,10.782624244689941,0.00011876119205543457,696.1
M4_K64_res128,9800,0.01512010209262371,0.009837046265602112,0.0038279774598777294,0.005820309743285179,11.527616500854492,0.00011843063343750247,699.8
M4_K64_res128,9850,0.07189317792654037,0.03708980232477188,0.034249886870384216,0.0022139623761177063,20.02515983581543,0.00011809880061587559,703.4
M4_K64_res128,9900,0.019739625975489616,0.012812316417694092,0.005858299322426319,0.00427604652941227,16.9272403717041,0.00011776570332613855,706.9
M4_K64_res128,9950,0.019771020859479904,0.012841681949794292,0.005643816199153662,0.0051420908421278,17.237930297851562,0.000117431351340974,710.7
M4_K64_res128,10000,0.014633937738835812,0.010540454648435116,0.0035682241432368755,0.0021010360214859247,22.582399368286133,0.00011709575446987587,714.3
M4_K64_res128,10050,0.029029639437794685,0.017768682911992073,0.010312696918845177,0.003793036099523306,25.17110252380371,0.00011675892255886156,718.1
M4_K64_res128,10100,0.09994850307703018,0.04935494065284729,0.04971495643258095,0.0035144330468028784,27.76192855834961,0.0001164208654901831,721.7
M4_K64_res128,10150,0.11500293761491776,0.059458255767822266,0.05449121072888374,0.004213911015540361,27.491907119750977,0.00011608159318203721,725.4
M4_K64_res128,10200,0.07870477437973022,0.04094528406858444,0.03590242937207222,0.00742822652682662,26.158462524414062,0.00011574111558827429,729.0
M4_K64_res128,10250,0.09702785313129425,0.04915067180991173,0.046140339225530624,0.00694738095626235,31.771760940551758,0.00011539944269810647,732.6
M4_K64_res128,10300,0.07557298988103867,0.04100881516933441,0.033181749284267426,0.005529687274247408,29.430734634399414,0.00011505658453581433,736.2
M4_K64_res128,10350,0.03435216471552849,0.018757401034235954,0.014165394008159637,0.0057174693793058395,28.902990341186523,0.00011471255116045309,740.0
M4_K64_res128,10400,0.07422823458909988,0.037255462259054184,0.03516000509262085,0.0072510517202317715,29.339866638183594,0.00011436735266555725,743.5
M4_K64_res128,10450,0.029032330960035324,0.016511812806129456,0.010420067235827446,0.008401801809668541,30.698883056640625,0.00011402099917884459,747.1
M4_K64_res128,10500,0.2237938940525055,0.11396324634552002,0.10755737125873566,0.009093113243579865,35.202754974365234,0.00011367350086191895,750.7
M4_K64_res128,10550,0.2060064822435379,0.10619215667247772,0.09720156341791153,0.010451015084981918,37.76871109008789,0.00011332486790997215,754.6
M4_K64_res128,10600,0.1818118393421173,0.09126603603363037,0.08724679052829742,0.013196038082242012,35.974544525146484,0.00011297511055148493,758.3
M4_K64_res128,10650,0.12141074240207672,0.061941176652908325,0.056811366230249405,0.010632816702127457,36.438446044921875,0.00011262423904792673,761.8
M4_K64_res128,10700,0.19648846983909607,0.09885220974683762,0.09373851120471954,0.015591027215123177,37.8304328918457,0.00011227226369345466,765.5
M4_K64_res128,10750,0.044613566249608994,0.023997001349925995,0.01634376496076584,0.01709119789302349,28.760709762573242,0.00011191919481461162,769.2
M4_K64_res128,10800,0.14999333024024963,0.08060579746961594,0.06582595407962799,0.014246352016925812,41.81715393066406,0.00011156504277002318,772.7
M4_K64_res128,10850,0.11811995506286621,0.06105206161737442,0.05217479169368744,0.019572412595152855,41.561363220214844,0.0001112098179500937,776.3
M4_K64_res128,10900,0.16797040402889252,0.08842022716999054,0.07419285178184509,0.021429307758808136,44.6752815246582,0.00011085353077670151,780.0
M4_K64_res128,10950,0.11433759331703186,0.06143029034137726,0.047466348856687546,0.021763790398836136,39.202396392822266,0.00011049619170289316,783.6
M4_K64_res128,11000,0.07813061773777008,0.0411297008395195,0.030686644837260246,0.025257093831896782,35.95441818237305,0.00011013781121257675,787.2
M4_K64_res128,11050,0.19636772572994232,0.10180644690990448,0.08915053308010101,0.021642982959747314,39.2451057434082,0.00010977839982021423,790.8
M4_K64_res128,11100,0.13475412130355835,0.07125888764858246,0.058882154524326324,0.018452297896146774,42.0015754699707,0.00010941796807051307,794.6
M4_K64_res128,11150,0.14249417185783386,0.07365870475769043,0.06344141066074371,0.02157624624669552,37.28447723388672,0.00010905652653811684,798.2
M4_K64_res128,11200,0.12537911534309387,0.06612692773342133,0.05419068783521652,0.02024601586163044,39.014522552490234,0.00010869408582729484,801.7
M4_K64_res128,11250,0.0649309977889061,0.03512297570705414,0.023641129955649376,0.02466754987835884,34.99370574951172,0.00010833065657163127,805.2
M4_K64_res128,11300,0.15125854313373566,0.07961330562829971,0.06314323842525482,0.0340079590678215,42.396751403808594,0.00010796624943371285,809.0
M4_K64_res128,11350,0.22273898124694824,0.11604936420917511,0.09864294528961182,0.032186709344387054,41.465240478515625,0.00010760087510481641,812.6
M4_K64_res128,11400,0.2034360021352768,0.1093747466802597,0.08562567830085754,0.03374231606721878,39.50907516479492,0.0001072345443045949,816.1
M4_K64_res128,11450,0.2947302460670471,0.14868056774139404,0.13678139448165894,0.037073127925395966,43.17330551147461,0.0001068672677807631,819.6
M4_K64_res128,11500,0.3764113187789917,0.18739053606987,0.17933909595012665,0.03872678056359291,40.160518646240234,0.00010649905630878215,823.3
M4_K64_res128,11550,0.22723954916000366,0.1206057220697403,0.09604117274284363,0.042370591312646866,44.882781982421875,0.00010612992069154347,827.0
M4_K64_res128,11600,0.33299413323402405,0.17377153038978577,0.14873658120632172,0.041944198310375214,45.29623031616211,0.00010575987175905187,830.6
M4_K64_res128,11650,0.15300589799880981,0.0821911096572876,0.061094462871551514,0.038881272077560425,41.44489669799805,0.00010538892036810768,834.3
M4_K64_res128,11700,0.07155020534992218,0.04176163673400879,0.01831389032304287,0.04589870572090149,41.378963470458984,0.00010501707740198834,838.0
M4_K64_res128,11750,0.12114402651786804,0.0672888234257698,0.0394834540784359,0.05748702213168144,41.34849166870117,0.00010464435377012907,841.6
M4_K64_res128,11800,0.059842098504304886,0.036539964377880096,0.013642319478094578,0.038639262318611145,37.372562408447266,0.00010427076040780277,845.1
M4_K64_res128,11850,0.06935644149780273,0.04235018417239189,0.0150655722245574,0.04776274040341377,42.429664611816406,0.00010389630827579921,848.8
M4_K64_res128,11900,0.227176696062088,0.11781246960163116,0.0954112559556961,0.05581190437078476,45.74759292602539,0.00010352100836010344,852.3
M4_K64_res128,11950,0.12607546150684357,0.06821466982364655,0.04175708815455437,0.06441479921340942,43.01460266113281,0.00010314487167157346,855.9
M4_K64_res128,12000,0.3823534846305847,0.1959783136844635,0.1756005883216858,0.043098390102386475,40.024497985839844,0.0001027679092456173,859.5
M4_K64_res128,12050,0.38117995858192444,0.19817766547203064,0.16926929354667664,0.054932013154029846,44.650020599365234,0.00010239013214186909,863.3
M4_K64_res128,12100,0.04734288156032562,0.03465142473578453,0.0,0.050765834748744965,37.51980209350586,0.0001020115514438646,867.0
M4_K64_res128,12150,0.241183802485466,0.12381213903427124,0.1032581776380539,0.05645396560430527,49.902313232421875,0.00010163217825871618,870.5
M4_K64_res128,12200,0.07162661850452423,0.04322308301925659,0.011049634777009487,0.06941559910774231,36.61553192138672,0.00010125202371678683,874.1
M4_K64_res128,12250,0.0881585031747818,0.04756423458456993,0.02427065558731556,0.06529442965984344,38.97230911254883,0.0001008710989713636,877.8
M4_K64_res128,12300,0.08946099877357483,0.05058827996253967,0.02107127569615841,0.0712057575583458,39.687339782714844,0.0001004894151983304,881.3
M4_K64_res128,12350,0.13317789137363434,0.07699309289455414,0.03646637126803398,0.07887367159128189,43.361366271972656,0.0001001069835958401,884.8
M4_K64_res128,12400,0.09956083446741104,0.05949559435248375,0.016269328072667122,0.09518364816904068,39.63105773925781,9.972381538398611e-05,888.4
M4_K64_res128,12450,0.3615480661392212,0.18831804394721985,0.14773774147033691,0.10196918249130249,45.087032318115234,9.933992180447298e-05,892.1
M4_K64_res128,12500,0.08773444592952728,0.052847810089588165,0.012394866906106472,0.08996707201004028,41.72689437866211,9.895531412028674e-05,895.7
M4_K64_res128,12550,0.07647568732500076,0.05145646259188652,0.0,0.10007689148187637,39.15069580078125,9.857000361536437e-05,899.5
M4_K64_res128,12600,0.3548605740070343,0.18484754860401154,0.14974798262119293,0.08106019347906113,49.717777252197266,9.818400159426287e-05,903.1
M4_K64_res128,12650,0.13266155123710632,0.0742807388305664,0.035728372633457184,0.09060975164175034,43.07399368286133,9.779731938182745e-05,906.8
M4_K64_res128,12700,0.25007399916648865,0.13723322749137878,0.08861026912927628,0.09692203998565674,44.2758903503418,9.740996832285933e-05,910.3
M4_K64_res128,12750,0.11376886814832687,0.06869682669639587,0.018586760386824608,0.10594111680984497,40.399532318115234,9.70219597817829e-05,913.9
M4_K64_res128,12800,0.16907325387001038,0.09236655384302139,0.05006147921085358,0.10658082365989685,45.014190673828125,9.663330514231235e-05,917.6
M4_K64_res128,12850,0.1957930475473404,0.10453034937381744,0.062334030866622925,0.1157146692276001,42.874027252197266,9.624401580711759e-05,921.2
M4_K64_res128,12900,0.1795382797718048,0.09451951086521149,0.0631963312625885,0.0872897207736969,43.5023193359375,9.585410319748976e-05,924.8
M4_K64_res128,12950,0.14068347215652466,0.08284249901771545,0.029948417097330093,0.11157023906707764,41.83012771606445,9.546357875300615e-05,928.3
M4_K64_res128,13000,0.12027409672737122,0.06625901907682419,0.026158496737480164,0.11142633855342865,43.931522369384766,9.507245393119454e-05,932.1
M4_K64_res128,13050,0.18502336740493774,0.10140551626682281,0.05365738645195961,0.11984184384346008,48.729488372802734,9.468074020719715e-05,935.9
M4_K64_res128,13100,0.29140704870224,0.15349501371383667,0.10993169993162155,0.1119212806224823,45.222572326660156,9.428844907343381e-05,939.4
M4_K64_res128,13150,0.12460589408874512,0.07370711863040924,0.018653512001037598,0.12898103892803192,42.00039291381836,9.389559203926488e-05,943.0
M4_K64_res128,13200,0.2525647282600403,0.13860495388507843,0.08394443988800049,0.12006135284900665,45.79465103149414,9.350218063065368e-05,946.7
M4_K64_res128,13250,0.22167061269283295,0.1266297996044159,0.06359751522541046,0.12577317655086517,44.85238265991211,9.310822638982807e-05,950.3
M4_K64_res128,13300,0.12823818624019623,0.07675978541374207,0.018322298303246498,0.13262441754341125,42.33287811279297,9.271374087494208e-05,953.9
M4_K64_res128,13350,0.21022681891918182,0.11518646776676178,0.06657546758651733,0.11385951936244965,46.294864654541016,9.231873565973661e-05,957.5
M4_K64_res128,13400,0.19023659825325012,0.10818371176719666,0.049181018024683,0.13148750364780426,41.731170654296875,9.192322233320005e-05,961.3
M4_K64_res128,13450,0.29735830426216125,0.15726932883262634,0.11051824688911438,0.11828292906284332,46.58206558227539,9.152721249922813e-05,964.8
M4_K64_res128,13500,0.10416500270366669,0.06022631749510765,0.014374754391610622,0.11825574934482574,41.677162170410156,9.113071777628351e-05,968.4
M4_K64_res128,13550,0.11422660946846008,0.06535521149635315,0.013998179696500301,0.13949285447597504,43.31844711303711,9.073374979705492e-05,972.2
M4_K64_res128,13600,0.4048367738723755,0.20792429149150848,0.16450875997543335,0.12961480021476746,46.0096321105957,9.033632020811595e-05,975.8
M4_K64_res128,13650,0.18524783849716187,0.09542983770370483,0.06239122152328491,0.10970711708068848,46.31474685668945,8.993844066958317e-05,979.4
M4_K64_res128,13700,0.14497193694114685,0.08293739706277847,0.027667544782161713,0.13746796548366547,43.57273864746094,8.95401228547742e-05,983.0
M4_K64_res128,13750,0.12710949778556824,0.07258859276771545,0.019547199830412865,0.13989481329917908,41.3864631652832,8.914137844986515e-05,986.7
M4_K64_res128,13800,0.1136551946401596,0.06814251840114594,0.011087348684668541,0.13770130276679993,41.844852447509766,8.874221915354782e-05,990.3
M4_K64_res128,13850,0.31988129019737244,0.1695941686630249,0.1185440719127655,0.12697219848632812,47.972015380859375,8.834265667668639e-05,993.8
M4_K64_res128,13900,0.17239798605442047,0.09632886946201324,0.04771333932876587,0.11342311650514603,44.7984733581543,8.794270274197389e-05,997.3
M4_K64_res128,13950,0.1919754445552826,0.10920940339565277,0.04826121777296066,0.1380193531513214,42.04743576049805,8.75423690835883e-05,1001.1
M4_K64_res128,14000,0.25759652256965637,0.13115647435188293,0.0898754894733429,0.14625823497772217,47.44277572631836,8.714166744684818e-05,1004.7
M4_K64_res128,14050,0.15235531330108643,0.0843576043844223,0.03435375168919563,0.13457581400871277,44.483612060546875,8.674060958786822e-05,1008.4
M4_K64_res128,14100,0.12943831086158752,0.07272454351186752,0.02245461568236351,0.13703659176826477,43.09838104248047,8.633920727321419e-05,1012.0
M4_K64_res128,14150,0.23420444130897522,0.12710613012313843,0.07682187110185623,0.12110579013824463,48.16337966918945,8.59374722795578e-05,1015.7
M4_K64_res128,14200,0.1893211007118225,0.10131271183490753,0.05273335054516792,0.1411001980304718,45.41942596435547,8.553541639333118e-05,1019.3
M4_K64_res128,14250,0.1311415284872055,0.07695266604423523,0.021546969190239906,0.13056758046150208,45.76908493041992,8.513305141038109e-05,1022.8
M4_K64_res128,14300,0.20860174298286438,0.11840856820344925,0.04952047020196915,0.16269084811210632,44.58732223510742,8.473038913562278e-05,1026.4
M4_K64_res128,14350,0.23075148463249207,0.12489607185125351,0.07265835255384445,0.13278822600841522,44.918739318847656,8.432744138269371e-05,1030.1
M4_K64_res128,14400,0.14610853791236877,0.08508387207984924,0.014908341690897942,0.18446527421474457,44.187496185302734,8.392421997360695e-05,1033.7
M4_K64_res128,14450,0.11883580684661865,0.06851813197135925,0.012979386374354362,0.14935313165187836,41.086002349853516,8.352073673840432e-05,1037.3
M4_K64_res128,14500,0.26497772336006165,0.13989153504371643,0.08529462665319443,0.15916618704795837,46.12715530395508,8.311700351480928e-05,1040.9
M4_K64_res128,14550,0.2277723252773285,0.12150081992149353,0.06468642503023148,0.16634032130241394,47.81586456298828,8.271303214787963e-05,1044.7
M4_K64_res128,14600,0.26711538434028625,0.13955017924308777,0.09380701929330826,0.1350327432155609,48.93133544921875,8.230883448966015e-05,1048.3
M4_K64_res128,14650,0.3616945445537567,0.18409833312034607,0.1414753496646881,0.14448341727256775,47.12747573852539,8.190442239883459e-05,1051.8
M4_K64_res128,14700,0.23022283613681793,0.1269262135028839,0.06306176632642746,0.16093941032886505,42.923805236816406,8.149980774037795e-05,1055.5
M4_K64_res128,14750,0.15105141699314117,0.0869864821434021,0.02482631430029869,0.15695448219776154,48.3158073425293,8.109500238520837e-05,1059.2
M4_K64_res128,14800,0.23825602233409882,0.13089939951896667,0.07135684788227081,0.1439991146326065,48.79225540161133,8.069001820983876e-05,1062.8
M4_K64_res128,14850,0.31158390641212463,0.1620037853717804,0.1176706925034523,0.12763772904872894,46.5298957824707,8.02848670960284e-05,1066.3
M4_K64_res128,14900,0.15440303087234497,0.0873628705739975,0.03152597323060036,0.14205673336982727,44.28783416748047,7.987956093043438e-05,1070.0
M4_K64_res128,14950,0.24386830627918243,0.1299135386943817,0.08543446660041809,0.11408120393753052,45.89299774169922,7.947411160426281e-05,1073.6
M4_K64_res128,15000,0.43306633830070496,0.22174763679504395,0.17751917243003845,0.13519811630249023,47.11099624633789,7.906853101291994e-05,1077.1
M4_K64_res128,15050,0.14217281341552734,0.08448927104473114,0.011549871414899826,0.1845346838235855,42.64884567260742,7.866283105566324e-05,1080.8
M4_K64_res128,15100,0.22172030806541443,0.11795234680175781,0.06618490815162659,0.1503322422504425,50.409305572509766,7.825702363525221e-05,1084.5
M4_K64_res128,15150,0.30760657787323,0.16308483481407166,0.10977224260568619,0.13899803161621094,46.856021881103516,7.785112065759913e-05,1088.1
M4_K64_res128,15200,0.11841630935668945,0.07105419784784317,0.011047258973121643,0.14525941014289856,42.00707244873047,7.744513403141994e-05,1091.7
M4_K64_res128,15250,0.1360442340373993,0.08103197813034058,0.020317941904067993,0.1387772411108017,43.13801193237305,7.703907566788466e-05,1095.3
M4_K64_res128,15300,0.2827274203300476,0.1521434187889099,0.08589008450508118,0.17877569794654846,46.89094161987305,7.663295748026793e-05,1099.1
M4_K64_res128,15350,0.4132049083709717,0.21585792303085327,0.1566145122051239,0.16292986273765564,47.12911605834961,7.622679138359972e-05,1102.6
M4_K64_res128,15400,0.1676514744758606,0.09476899355649948,0.029454417526721954,0.17371225357055664,44.98930740356445,7.582058929431544e-05,1106.2
M4_K64_res128,15450,0.370582640171051,0.19880053400993347,0.13294285535812378,0.15535694360733032,46.83369445800781,7.541436312990662e-05,1109.8
M4_K64_res128,15500,0.3296952247619629,0.17014096677303314,0.11996110528707504,0.1583726406097412,44.46288299560547,7.500812480857097e-05,1113.4
M4_K64_res128,15550,0.29161337018013,0.15609371662139893,0.09120889753103256,0.17724303901195526,47.219947814941406,7.4601886248863e-05,1117.2
M4_K64_res128,15600,0.3391455113887787,0.1808623969554901,0.11767297983169556,0.16244053840637207,42.80781936645508,7.419565936934419e-05,1120.7
M4_K64_res128,15650,0.3362378478050232,0.18018478155136108,0.11337427794933319,0.17071513831615448,46.96157455444336,7.378945608823327e-05,1124.3
M4_K64_res128,15700,0.19337384402751923,0.10764238238334656,0.04101240262389183,0.17887623608112335,45.13472366333008,7.338328832305669e-05,1128.0
M4_K64_res128,15750,0.21488386392593384,0.12863141298294067,0.0377284474670887,0.19409602880477905,42.83686828613281,7.297716799029884e-05,1131.4
M4_K64_res128,15800,0.21443521976470947,0.11699061095714569,0.05438835173845291,0.1722249984741211,45.12142562866211,7.257110700505259e-05,1135.0
M4_K64_res128,15850,0.16004899144172668,0.09230256080627441,0.026518527418375015,0.16491159796714783,43.80405044555664,7.216511728066954e-05,1138.7
M4_K64_res128,15900,0.3252931237220764,0.17721500992774963,0.10896356403827667,0.15645813941955566,45.898338317871094,7.175921072841062e-05,1142.3
M4_K64_res128,15950,0.2693611681461334,0.14480285346508026,0.0824768990278244,0.16832569241523743,47.79570007324219,7.135339925709655e-05,1145.9
M4_K64_res128,16000,0.5604643821716309,0.2914198935031891,0.23667240142822266,0.1294885277748108,39.76595687866211,7.094769477275858e-05,1149.4
M4_K64_res128,16050,0.19837820529937744,0.10530737042427063,0.0607142448425293,0.12942638993263245,47.29273223876953,7.054210917828898e-05,1153.2
M4_K64_res128,16100,0.35711702704429626,0.18895822763442993,0.12499581277370453,0.17265187203884125,41.6714973449707,7.013665437309199e-05,1156.9
M4_K64_res128,16150,0.21038073301315308,0.11482055485248566,0.0532180592417717,0.16936847567558289,44.56942367553711,6.973134225273462e-05,1160.4
M4_K64_res128,16200,0.27079063653945923,0.1464669406414032,0.0792187973856926,0.18041956424713135,48.32583999633789,6.932618470859765e-05,1164.0
M4_K64_res128,16250,0.15978147089481354,0.09074509143829346,0.029685651883482933,0.1574029177427292,46.836700439453125,6.892119362752691e-05,1167.8
M4_K64_res128,16300,0.42156389355659485,0.22003242373466492,0.15781162679195404,0.17487940192222595,46.861202239990234,6.851638089148421e-05,1171.3
M4_K64_res128,16350,0.17892739176750183,0.10673032701015472,0.03372963145375252,0.15386974811553955,43.91862869262695,6.811175837719908e-05,1174.8
M4_K64_res128,16400,0.2012617588043213,0.11168032884597778,0.04914158210158348,0.16175934672355652,47.099281311035156,6.770733795582003e-05,1178.4
M4_K64_res128,16450,0.39984890818595886,0.21369317173957825,0.14365002512931824,0.17002280056476593,42.33998107910156,6.730313149256657e-05,1182.1
M4_K64_res128,16500,0.35856717824935913,0.18572404980659485,0.1313919872045517,0.1658046543598175,50.30768585205078,6.689915084638078e-05,1185.7
M4_K64_res128,16550,0.250255823135376,0.13564926385879517,0.07392426580190659,0.1627291887998581,44.400184631347656,6.64954078695796e-05,1189.3
M4_K64_res128,16600,0.2153889387845993,0.12322035431861877,0.04279046133160591,0.19751249253749847,44.34211730957031,6.609191440750699e-05,1193.0
M4_K64_res128,16650,0.26721829175949097,0.15049320459365845,0.06578439474105835,0.20376275479793549,43.426692962646484,6.568868229818656e-05,1196.7
M4_K64_res128,16700,0.38165727257728577,0.20411652326583862,0.1331341713666916,0.17762620747089386,43.46431350708008,6.528572337197396e-05,1200.2
M4_K64_res128,16750,0.15761059522628784,0.09311966598033905,0.018329255282878876,0.18464672565460205,41.686222076416016,6.488304945121012e-05,1203.7
M4_K64_res128,16800,0.3028450608253479,0.16318294405937195,0.09489702433347702,0.17906035482883453,47.277835845947266,6.44806723498741e-05,1207.4
M4_K64_res128,16850,0.15881770849227905,0.093327596783638,0.019350795075297356,0.18455728888511658,41.154048919677734,6.407860387323682e-05,1211.0
M4_K64_res128,16900,0.16229981184005737,0.09847326576709747,0.016950324177742004,0.1875048577785492,43.4188346862793,6.367685581751437e-05,1214.5
M4_K64_res128,16950,0.3136845529079437,0.16620546579360962,0.10643336921930313,0.16418291628360748,45.990196228027344,6.327543996952202e-05,1218.0
M4_K64_res128,17000,0.23444247245788574,0.1428864598274231,0.03958494961261749,0.207884281873703,42.41841125488281,6.287436810632864e-05,1221.7
M4_K64_res128,17050,0.17224761843681335,0.10033340752124786,0.030942853540182114,0.1638854295015335,43.00893783569336,6.247365199491084e-05,1225.5
M4_K64_res128,17100,0.24916031956672668,0.1400022804737091,0.06122365593910217,0.19173753261566162,46.00637435913086,6.207330339180797e-05,1229.0
M4_K64_res128,17150,0.16368620097637177,0.09410130232572556,0.030114199966192245,0.15788279473781586,44.1160774230957,6.167333404277705e-05,1232.7
M4_K64_res128,17200,0.20838092267513275,0.12009592354297638,0.04661211371421814,0.16669154167175293,42.23841094970703,6.12737556824483e-05,1236.4
M4_K64_res128,17250,0.17305447161197662,0.10240471363067627,0.027260374277830124,0.17355753481388092,42.56786346435547,6.087458003398076e-05,1240.0
M4_K64_res128,17300,0.2195259928703308,0.12403354048728943,0.05081845819950104,0.17869596183300018,43.37912368774414,6.047581880871837e-05,1243.6
M4_K64_res128,17350,0.1360757052898407,0.08475027978420258,0.0099668949842453,0.1654340922832489,40.18259811401367,6.007748370584638e-05,1247.2
M4_K64_res128,17400,0.18076574802398682,0.10160800069570541,0.03463640809059143,0.1780853569507599,45.52351379394531,5.967958641204816e-05,1250.9
M4_K64_res128,17450,0.18842637538909912,0.11111651360988617,0.0281747505068779,0.1965404450893402,40.63836669921875,5.9282138601162203e-05,1254.4
M4_K64_res128,17500,0.2975446581840515,0.1651836335659027,0.09107635170221329,0.16513872146606445,48.469173431396484,5.888515193383975e-05,1257.9
M4_K64_res128,17550,0.30865222215652466,0.1594698429107666,0.10463057458400726,0.178207129240036,51.501060485839844,5.84886380572026e-05,1261.8
M4_K64_res128,17600,0.28211429715156555,0.1563573181629181,0.08068937063217163,0.18027041852474213,42.9027099609375,5.809260860450149e-05,1265.4
M4_K64_res128,17650,0.4061813950538635,0.21220970153808594,0.14254209399223328,0.20571845769882202,47.03087615966797,5.769707519477466e-05,1269.0
M4_K64_res128,17700,0.3409819006919861,0.1890827715396881,0.10642364621162415,0.18190190196037292,44.214263916015625,5.7302049432507046e-05,1272.5
M4_K64_res128,17750,0.40000346302986145,0.21524828672409058,0.13513612747192383,0.1984761655330658,47.0360107421875,5.690754290728986e-05,1276.2
M4_K64_res128,17800,0.18814902007579803,0.10925422608852386,0.029029924422502518,0.1994594931602478,44.38666915893555,5.65135671934804e-05,1279.8
M4_K64_res128,17850,0.1545102894306183,0.09471975266933441,0.013001691550016403,0.1871553659439087,42.90403747558594,5.612013384986272e-05,1283.4
M4_K64_res128,17900,0.293795645236969,0.1699039340019226,0.0664478987455368,0.22977523505687714,46.375675201416016,5.572725441930827e-05,1286.9
M4_K64_res128,17950,0.2429685890674591,0.13810354471206665,0.058176439255476,0.18675443530082703,44.912357330322266,5.533494042843738e-05,1290.6
M4_K64_res128,18000,0.29301637411117554,0.1578827202320099,0.08961302787065506,0.18208251893520355,51.220794677734375,5.494320338728101e-05,1294.2
M4_K64_res128,18050,0.1693253517150879,0.09980761259794235,0.02208561822772026,0.18972846865653992,41.845706939697266,5.455205478894316e-05,1297.9
M4_K64_res128,18100,0.14054997265338898,0.09599588811397552,0.0,0.1782163381576538,42.19146728515625,5.416150610926357e-05,1301.4
M4_K64_res128,18150,0.20280572772026062,0.12626728415489197,0.027698049321770668,0.19536158442497253,40.11056137084961,5.377156880648105e-05,1305.2
M4_K64_res128,18200,0.23823967576026917,0.13376599550247192,0.05976913124322891,0.1788182556629181,44.90397644042969,5.338225432089734e-05,1308.8
M4_K64_res128,18250,0.3657509684562683,0.20207814872264862,0.12343142926692963,0.16096550226211548,43.4765625,5.299357407454154e-05,1312.4
M4_K64_res128,18300,0.4638349413871765,0.24431179463863373,0.1788349449634552,0.1627528965473175,44.85736083984375,5.260553947083477e-05,1315.9
M4_K64_res128,18350,0.19860908389091492,0.12170341610908508,0.026337048038840294,0.20227453112602234,44.24334716796875,5.22181618942559e-05,1319.6
M4_K64_res128,18400,0.32521697878837585,0.17713791131973267,0.10162948071956635,0.1857982724905014,45.961326599121094,5.183145271000727e-05,1323.2
M4_K64_res128,18450,0.148290753364563,0.09094856679439545,0.00939866341650486,0.19177408516407013,41.60756301879883,5.144542326368148e-05,1326.7
M4_K64_res128,18500,0.29931238293647766,0.16454100608825684,0.08555839210748672,0.19685199856758118,42.946468353271484,5.106008488092836e-05,1330.4
M4_K64_res128,18550,0.2908158600330353,0.16149680316448212,0.08550235629081726,0.175266832113266,41.033756256103516,5.067544886712275e-05,1334.2
M4_K64_res128,18600,0.17382130026817322,0.10241703689098358,0.021644890308380127,0.19903749227523804,45.838539123535156,5.0291526507032834e-05,1337.8
M4_K64_res128,18650,0.18276111781597137,0.10776543617248535,0.019017843529582024,0.2239113450050354,43.70537567138672,4.9908329064488986e-05,1341.4
M4_K64_res128,18700,0.22383442521095276,0.13133734464645386,0.043269943445920944,0.19690853357315063,43.852108001708984,4.952586778205349e-05,1345.1
M4_K64_res128,18750,0.31216132640838623,0.1683962196111679,0.09936021268367767,0.17761960625648499,42.74637222290039,4.914415388069032e-05,1348.7
M4_K64_res128,18800,0.1710864007472992,0.10155896097421646,0.024436121806502342,0.18036523461341858,47.2473258972168,4.8763198559436424e-05,1352.3
M4_K64_res128,18850,0.1574636697769165,0.09812627732753754,0.015120119787752628,0.17686909437179565,46.04646301269531,4.838301299507273e-05,1355.8
M4_K64_res128,18900,0.37617114186286926,0.21132290363311768,0.11341852694749832,0.20571884512901306,47.51548385620117,4.800360834179648e-05,1359.5
M4_K64_res128,18950,0.20268020033836365,0.12112273275852203,0.029366588220000267,0.20876356959342957,46.6490592956543,4.7624995730893846e-05,1363.1
M4_K64_res128,19000,0.21976062655448914,0.12516319751739502,0.05112094059586525,0.17390599846839905,41.943992614746094,4.7247186270413505e-05,1366.6
M4_K64_res128,19050,0.18643854558467865,0.10935575515031815,0.029268089681863785,0.19125878810882568,43.41573715209961,4.687019104484053e-05,1370.3
M4_K64_res128,19100,0.18251729011535645,0.12118425220251083,0.0,0.24533218145370483,46.071598052978516,4.64940211147714e-05,1373.9
M4_K64_res128,19150,0.18871356546878815,0.11613362282514572,0.014109291136264801,0.2338826060295105,48.06993865966797,4.61186875165893e-05,1377.5
M4_K64_res128,19200,0.34712836146354675,0.1952342689037323,0.09644721448421478,0.22178754210472107,42.93455505371094,4.574420126214053e-05,1381.0
M4_K64_res128,19250,0.204415425658226,0.12280722707509995,0.03475397452712059,0.1874169260263443,43.39295196533203,4.5370573338411226e-05,1384.6
M4_K64_res128,19300,0.17839238047599792,0.10121822357177734,0.02588406763970852,0.20516037940979004,45.373512268066406,4.499781470720515e-05,1388.3
M4_K64_res128,19350,0.339150995016098,0.17961573600769043,0.11865536123514175,0.16351959109306335,40.467445373535156,4.462593630482205e-05,1391.9
M4_K64_res128,19400,0.3948442339897156,0.2143680602312088,0.1319776028394699,0.19399434328079224,41.633304595947266,4.425494904173676e-05,1395.5
M4_K64_res128,19450,0.30327680706977844,0.1620302051305771,0.09511209279298782,0.18453803658485413,44.98247528076172,4.3884863802279226e-05,1399.1
M4_K64_res128,19500,0.3519064784049988,0.1869075447320938,0.12127544730901718,0.17489394545555115,40.93558120727539,4.3515691444314944e-05,1402.9
M4_K64_res128,19550,0.20069405436515808,0.11956889182329178,0.030529294162988663,0.20238348841667175,46.05820846557617,4.314744279892668e-05,1406.6
M4_K64_res128,19600,0.1751188486814499,0.09792928397655487,0.03252292424440384,0.17866653203964233,44.62020492553711,4.278012867009643e-05,1410.2
M4_K64_res128,19650,0.26280367374420166,0.1487468034029007,0.06666666269302368,0.18956081569194794,48.945457458496094,4.24137598343887e-05,1413.9
M4_K64_res128,19700,0.2566441297531128,0.14205271005630493,0.06229070946574211,0.20920279622077942,43.05342102050781,4.204834704063408e-05,1417.6
M4_K64_res128,19750,0.1779719889163971,0.11032160371541977,0.010468007996678352,0.2287295162677765,41.72747039794922,4.1683901009614155e-05,1421.2
M4_K64_res128,19800,0.148380845785141,0.08533179759979248,0.018600482493638992,0.17779430747032166,42.76911163330078,4.132043243374673e-05,1424.7
M4_K64_res128,19850,0.3825589418411255,0.20459789037704468,0.13070735335350037,0.18901482224464417,47.64392852783203,4.095795197677223e-05,1428.5
M4_K64_res128,19900,0.2909854054450989,0.15524709224700928,0.09145627915859222,0.1771281510591507,46.99473190307617,4.059647027344082e-05,1432.2
M4_K64_res128,19950,0.18159154057502747,0.11042861640453339,0.021155860275030136,0.2000282108783722,40.9350471496582,4.023599792920052e-05,1435.7
M4_K64_res128,20000,0.27713149785995483,0.1620284467935562,0.061500001698732376,0.21441221237182617,39.88343811035156,3.98765455198858e-05,1439.3
M4_K64_res128,20050,0.16332866251468658,0.09857551753520966,0.020051930099725723,0.17880487442016602,43.23765563964844,3.951812359140755e-05,1443.2
M4_K64_res128,20100,0.2595332860946655,0.15754379332065582,0.05158434063196182,0.20162051916122437,42.213218688964844,3.916074265944349e-05,1446.8
M4_K64_res128,20150,0.21524521708488464,0.13108330965042114,0.027700915932655334,0.22584395110607147,44.87447738647461,3.8804413209129724e-05,1450.4
M4_K64_res128,20200,0.2211916744709015,0.13031072914600372,0.035151902586221695,0.22291621565818787,46.813262939453125,3.844914569475323e-05,1454.0
M4_K64_res128,20250,0.1939224898815155,0.12119635939598083,0.013638123869895935,0.23635202646255493,49.02845001220703,3.8094950539444896e-05,1457.8
M4_K64_res128,20300,0.1593681275844574,0.0973716452717781,0.016327911987900734,0.18267425894737244,43.78985595703125,3.774183813487393e-05,1461.4
M4_K64_res128,20350,0.40075844526290894,0.22224195301532745,0.12176539748907089,0.22700443863868713,45.39881134033203,3.738981884094286e-05,1464.9
M4_K64_res128,20400,0.24104399979114532,0.13918577134609222,0.045020997524261475,0.2273489087820053,47.13246536254883,3.7038902985483736e-05,1468.5
M4_K64_res128,20450,0.19348958134651184,0.11580599099397659,0.019989406690001488,0.23077675700187683,44.40538024902344,3.6689100863954884e-05,1472.2
M4_K64_res128,20500,0.25059249997138977,0.14319303631782532,0.056883327662944794,0.20206454396247864,40.28131103515625,3.634042273913911e-05,1475.7
M4_K64_res128,20550,0.1953650563955307,0.12278509885072708,0.01919391006231308,0.21354417502880096,44.45062255859375,3.5992878840842375e-05,1479.4
M4_K64_res128,20600,0.4075545370578766,0.21784189343452454,0.1417868584394455,0.19170324504375458,41.757225036621094,3.5646479365593895e-05,1483.0
M4_K64_res128,20650,0.20668575167655945,0.12109500914812088,0.029326578602194786,0.22505661845207214,45.36993408203125,3.530123447634667e-05,1486.8
M4_K64_res128,20700,0.30378028750419617,0.169419527053833,0.0756601020693779,0.23480261862277985,43.893733978271484,3.49571543021797e-05,1490.3
M4_K64_res128,20750,0.19596916437149048,0.11481422930955887,0.032739415764808655,0.19366201758384705,41.48317337036133,3.461424893800048e-05,1493.8
M4_K64_res128,20800,0.23745334148406982,0.1389721930027008,0.04783589020371437,0.20258107781410217,46.18622970581055,3.427252844424906e-05,1497.5
M4_K64_res128,20850,0.2577873468399048,0.15705639123916626,0.03745032101869583,0.2531225085258484,46.26608657836914,3.393200284660272e-05,1501.1
M4_K64_res128,20900,0.451299250125885,0.24856442213058472,0.1545899361371994,0.19257953763008118,42.661949157714844,3.359268213568189e-05,1504.6
M4_K64_res128,20950,0.1942244917154312,0.11582911014556885,0.021175196394324303,0.22888076305389404,40.83949279785156,3.3254576266757095e-05,1508.2
M4_K64_res128,21000,0.1988597810268402,0.12292144447565079,0.019335340708494186,0.22641202807426453,41.37210464477539,3.2917695159456796e-05,1511.9
M4_K64_res128,21050,0.2645122706890106,0.15783903002738953,0.05123123526573181,0.22176803648471832,43.742618560791016,3.2582048697476364e-05,1515.6
M4_K64_res128,21100,0.288391649723053,0.16412945091724396,0.07421180605888367,0.200201615691185,37.0003776550293,3.224764672828813e-05,1519.1
M4_K64_res128,21150,0.3001226782798767,0.1655885875225067,0.08592015504837036,0.1944558024406433,48.058319091796875,3.191449906285254e-05,1522.6
M4_K64_res128,21200,0.34550565481185913,0.19482877850532532,0.10331935435533524,0.1894301027059555,40.186500549316406,3.1582615475330156e-05,1526.4
M4_K64_res128,21250,0.2309664487838745,0.13641785085201263,0.03909847512841225,0.2218005359172821,43.100807189941406,3.125200570279506e-05,1529.9
M4_K64_res128,21300,0.24451562762260437,0.1521151065826416,0.02438378892838955,0.27206698060035706,44.11853790283203,3.092267944494901e-05,1533.5
M4_K64_res128,21350,0.3212926685810089,0.18773439526557922,0.08250526338815689,0.2042120397090912,45.338253021240234,3.059464636383707e-05,1537.0
M4_K64_res128,21400,0.24650587141513824,0.14440317451953888,0.04919484630227089,0.2116314172744751,43.84142303466797,3.0267916083563906e-05,1540.8
M4_K64_res128,21450,0.2056843489408493,0.12231981754302979,0.027937933802604675,0.22170639038085938,46.55976867675781,2.9942498190011595e-05,1544.3
M4_K64_res128,21500,0.4067029356956482,0.22655756771564484,0.12699651718139648,0.21259541809558868,38.8364143371582,2.9618402230558295e-05,1547.8
M4_K64_res128,21550,0.30670884251594543,0.16895689070224762,0.08771592378616333,0.20014414191246033,43.50855255126953,2.9295637713798262e-05,1551.6
M4_K64_res128,21600,0.2054629921913147,0.12593786418437958,0.027285102754831314,0.20896008610725403,39.74447250366211,2.8974214109262666e-05,1555.3
M4_K64_res128,21650,0.2651607394218445,0.15589949488639832,0.0572981983423233,0.20785222947597504,43.28487014770508,2.8654140847142015e-05,1558.9
M4_K64_res128,21700,0.4490818977355957,0.24341174960136414,0.1568554788827896,0.19525861740112305,41.51956558227539,2.8335427318009267e-05,1562.4
M4_K64_res128,21750,0.38000836968421936,0.20996993780136108,0.11719415336847305,0.21137714385986328,42.25821304321289,2.8018082872544407e-05,1566.1
M4_K64_res128,21800,0.3504917025566101,0.1938869208097458,0.10504717379808426,0.20623044669628143,44.57693862915039,2.7702116821260222e-05,1569.7
M4_K64_res128,21850,0.24535883963108063,0.1462143212556839,0.04409128054976463,0.220212921500206,41.19573211669922,2.738753843422893e-05,1573.2
M4_K64_res128,21900,0.23400263488292694,0.14609350264072418,0.023167699575424194,0.25896573066711426,42.68962097167969,2.707435694081034e-05,1576.8
M4_K64_res128,21950,0.20072969794273376,0.12775886058807373,0.01591370813548565,0.22822847962379456,44.067718505859375,2.6762581529381045e-05,1580.6
M4_K64_res128,22000,0.3144322335720062,0.182625412940979,0.08229534327983856,0.19804589450359344,44.91947937011719,2.645222134706489e-05,1584.2
M4_K64_res128,22050,0.2831714451313019,0.16373282670974731,0.06056762486696243,0.23548397421836853,41.415897369384766,2.614328549946448e-05,1588.0
M4_K64_res128,22100,0.22342269122600555,0.13641032576560974,0.030305689200758934,0.2268267273902893,45.930259704589844,2.5835783050394226e-05,1591.5
M4_K64_res128,22150,0.19543865323066711,0.12456641346216202,0.00988621637225151,0.24394413828849792,46.39274978637695,2.552972302161418e-05,1595.4
M4_K64_res128,22200,0.19479399919509888,0.11832454800605774,0.02128034271299839,0.2207564115524292,42.422584533691406,2.5225114392565604e-05,1598.9
M4_K64_res128,22250,0.1920759230852127,0.12103185802698135,0.019680654630064964,0.20545363426208496,38.42414093017578,2.492196610010733e-05,1602.5
M4_K64_res128,22300,0.47370585799217224,0.25543221831321716,0.1682102531194687,0.20025360584259033,37.546756744384766,2.4620287038253624e-05,1606.1
M4_K64_res128,22350,0.1960325539112091,0.12442243099212646,0.015223018825054169,0.2255484014749527,42.08840560913086,2.4320086057913272e-05,1609.8
M4_K64_res128,22400,0.20590706169605255,0.13271045684814453,0.010342126712203026,0.25141793489456177,43.6553840637207,2.4021371966629928e-05,1613.3
M4_K64_res128,22450,0.3590383529663086,0.19642239809036255,0.11133375018835068,0.20512881875038147,42.68919372558594,2.372415352832362e-05,1616.9
M4_K64_res128,22500,0.21559587121009827,0.13224461674690247,0.024941042065620422,0.2336408495903015,43.845558166503906,2.3428439463033658e-05,1620.5
M4_K64_res128,22550,0.3314296007156372,0.19065594673156738,0.08913514763116837,0.20655402541160583,43.778018951416016,2.313423844666289e-05,1624.3
M4_K64_res128,22600,0.4431358277797699,0.24264121055603027,0.15326769649982452,0.18890777230262756,47.510093688964844,2.284155911072304e-05,1627.9
M4_K64_res128,22650,0.22477978467941284,0.13848721981048584,0.03083248995244503,0.22184035181999207,41.77863693237305,2.2550410042081526e-05,1631.4
M4_K64_res128,22700,0.3563891351222992,0.20618945360183716,0.09540189802646637,0.21919117867946625,45.44391632080078,2.2260799782709488e-05,1635.1
M4_K64_res128,22750,0.21968334913253784,0.13469336926937103,0.03954603150486946,0.1817757934331894,44.4981803894043,2.197273682943131e-05,1638.7
M4_K64_res128,22800,0.47464337944984436,0.2637302875518799,0.14842532575130463,0.24995097517967224,43.88402557373047,2.1686229633675114e-05,1642.2
M4_K64_res128,22850,0.39952707290649414,0.22255674004554749,0.11898554116487503,0.2319391369819641,42.316123962402344,2.140128660122504e-05,1645.7
M4_K64_res128,22900,0.2927062511444092,0.16355973482131958,0.07868272811174393,0.20185518264770508,42.76225280761719,2.1117916091974422e-05,1649.4
M4_K64_res128,22950,0.3022671639919281,0.17108115553855896,0.07787445932626724,0.21324625611305237,46.97613525390625,2.083612641968069e-05,1652.9
M4_K64_res128,23000,0.23234742879867554,0.14391222596168518,0.029859812930226326,0.23430153727531433,41.605587005615234,2.055592585172133e-05,1656.5
M4_K64_res128,23050,0.46543267369270325,0.2553407847881317,0.1500484198331833,0.24017396569252014,43.468238830566406,2.0277322608851375e-05,1660.1
M4_K64_res128,23100,0.22411072254180908,0.13076594471931458,0.042936500161886215,0.20163306593894958,42.963890075683594,2.0000324864962217e-05,1663.9
M4_K64_res128,23150,0.2691585421562195,0.1592593938112259,0.060758281499147415,0.1965634822845459,45.32408142089844,1.9724940746841853e-05,1667.4
M4_K64_res128,23200,0.344135046005249,0.19985727965831757,0.09071190655231476,0.21426349878311157,41.79368209838867,1.9451178333936313e-05,1670.9
M4_K64_res128,23250,0.2586090862751007,0.15582746267318726,0.051041048020124435,0.20696231722831726,43.36852264404297,1.9179045658112793e-05,1674.4
M4_K64_res128,23300,0.18779000639915466,0.1206539049744606,0.01378186047077179,0.2134169489145279,40.32315444946289,1.8908550703423855e-05,1678.2
M4_K64_res128,23350,0.20239385962486267,0.11964744329452515,0.03639495000243187,0.18540585041046143,40.50812530517578,1.8639701405873238e-05,1681.7
M4_K64_res128,23400,0.19422850012779236,0.12560749053955078,0.010956776328384876,0.2306569367647171,43.03219985961914,1.837250565318312e-05,1685.2
M4_K64_res128,23450,0.2854035198688507,0.16334642469882965,0.06392940878868103,0.23251071572303772,49.119380950927734,1.8106971284562537e-05,1688.7
M4_K64_res128,23500,0.2088118940591812,0.12991543114185333,0.028923342004418373,0.19989247620105743,44.143218994140625,1.7843106090477503e-05,1692.3
M4_K64_res128,23550,0.24890366196632385,0.14848700165748596,0.05702568218111992,0.1735638678073883,40.592864990234375,1.758091781242238e-05,1696.1
M4_K64_res128,23600,0.27654561400413513,0.15486156940460205,0.06624995917081833,0.22173631191253662,42.31305694580078,1.7320414142692877e-05,1699.6
M4_K64_res128,23650,0.26983416080474854,0.15883612632751465,0.05479690805077553,0.22480449080467224,43.4949836730957,1.7061602724160164e-05,1703.3
M4_K64_res128,23700,0.4525314271450043,0.24397093057632446,0.16037310659885406,0.19274957478046417,43.06842803955078,1.680449115004684e-05,1706.9
M4_K64_res128,23750,0.43568965792655945,0.23968976736068726,0.14403896033763885,0.20784370601177216,42.6072998046875,1.6549086963704006e-05,1710.4
M4_K64_res128,23800,0.2583513557910919,0.15250566601753235,0.058827582746744156,0.18807247281074524,45.35616683959961,1.629539765839007e-05,1713.9
M4_K64_res128,23850,0.3475848436355591,0.18811586499214172,0.11751621216535568,0.1678110659122467,41.71758270263672,1.6043430677050797e-05,1717.6
M4_K64_res128,23900,0.3289095163345337,0.18556682765483856,0.0972776859998703,0.18425998091697693,40.655094146728516,1.579319341210102e-05,1721.2
M4_K64_res128,23950,0.21254152059555054,0.13178028166294098,0.018301645293831825,0.24983833730220795,45.10655975341797,1.5544693205207705e-05,1724.8
M4_K64_res128,24000,0.4010903239250183,0.21546027064323425,0.13061495125293732,0.22006037831306458,42.879066467285156,1.5297937347074636e-05,1728.3
M4_K64_res128,24050,0.39432647824287415,0.22041107714176178,0.11988046020269394,0.2161397933959961,38.78605270385742,1.5052933077228361e-05,1732.1
M4_K64_res128,24100,0.45735102891921997,0.25364530086517334,0.15547163784503937,0.19293639063835144,39.13615036010742,1.4809687583806001e-05,1735.6
M4_K64_res128,24150,0.2133963257074356,0.13318383693695068,0.017908642068505287,0.24921537935733795,45.44335174560547,1.4568208003344153e-05,1739.1
M4_K64_res128,24200,0.22407519817352295,0.13817471265792847,0.022068796679377556,0.2553267180919647,44.1993293762207,1.432850142056963e-05,1742.6
M4_K64_res128,24250,0.19622710347175598,0.12487661838531494,0.020847680047154427,0.20201125741004944,45.41840744018555,1.4090574868191645e-05,1746.3
M4_K64_res128,24300,0.24135448038578033,0.14692455530166626,0.03897927701473236,0.22180259227752686,45.42198944091797,1.3854435326695273e-05,1749.8
M4_K64_res128,24350,0.4042094945907593,0.22765222191810608,0.11956306546926498,0.2279767394065857,44.918216705322266,1.3620089724136942e-05,1753.3
M4_K64_res128,24400,0.43061310052871704,0.2410152554512024,0.12255824357271194,0.2681584060192108,44.81821823120117,1.3387544935940909e-05,1756.9
M4_K64_res128,24450,0.29804831743240356,0.1703546643257141,0.0762246698141098,0.2058759182691574,39.61795425415039,1.3156807784697746e-05,1760.6
M4_K64_res128,24500,0.3047420084476471,0.18540307879447937,0.0627160370349884,0.22649158537387848,43.801448822021484,1.2927885039963995e-05,1764.1
M4_K64_res128,24550,0.35011327266693115,0.1946413815021515,0.1064080148935318,0.19625547528266907,40.74544143676758,1.2700783418063728e-05,1767.8
M4_K64_res128,24600,0.2485920786857605,0.14962588250637054,0.0454028844833374,0.2142532467842102,45.34918212890625,1.2475509581891374e-05,1771.4
M4_K64_res128,24650,0.23330581188201904,0.14388611912727356,0.03130204603075981,0.2324705719947815,43.55794906616211,1.2252070140716264e-05,1775.1
M4_K64_res128,24700,0.4612571597099304,0.2521224319934845,0.15235498547554016,0.22711898386478424,40.27926254272461,1.2030471649988738e-05,1778.6
M4_K64_res128,24750,0.43058454990386963,0.2403663545846939,0.13501839339733124,0.22079916298389435,45.94709396362305,1.1810720611147875e-05,1782.1
M4_K64_res128,24800,0.46421530842781067,0.24912600219249725,0.15901292860507965,0.22430552542209625,42.34937286376953,1.159282347143062e-05,1785.7
M4_K64_res128,24850,0.2251172661781311,0.13986414670944214,0.026018673554062843,0.2369377762079239,41.137451171875,1.1376786623682744e-05,1789.4
M4_K64_res128,24900,0.19226327538490295,0.13218647241592407,0.0,0.24030718207359314,40.28427505493164,1.1162616406171213e-05,1792.9
M4_K64_res128,24950,0.24474965035915375,0.1474681794643402,0.04070032760500908,0.22632457315921783,42.83113479614258,1.0950319102398256e-05,1796.4
M4_K64_res128,25000,0.328969806432724,0.19322210550308228,0.07933610677719116,0.22564637660980225,43.5616455078125,1.0739900940917046e-05,1800.1
M4_K64_res128,25050,0.3166789710521698,0.17952854931354523,0.08722326904535294,0.19970856606960297,44.553871154785156,1.0531368095148906e-05,1803.8
M4_K64_res128,25100,0.4383317232131958,0.2375597208738327,0.14972420036792755,0.2041911482810974,40.7569694519043,1.0324726683202217e-05,1807.4
M4_K64_res128,25150,0.36357080936431885,0.21392782032489777,0.08569282293319702,0.255800724029541,43.705257415771484,1.0119982767692903e-05,1810.9
M4_K64_res128,25200,0.25961726903915405,0.15201735496520996,0.04784790799021721,0.2390080690383911,43.1488151550293,9.91714235556662e-06,1814.7
M4_K64_res128,25250,0.22376537322998047,0.1370501071214676,0.039759304374456406,0.1878238320350647,43.14816665649414,9.716211397922426e-06,1818.2
M4_K64_res128,25300,0.3021852970123291,0.18323323130607605,0.05628474801778793,0.2506691813468933,41.752769470214844,9.517195789838264e-06,1821.8
M4_K64_res128,25350,0.2924463748931885,0.17468222975730896,0.062196094542741776,0.22227224707603455,41.12558364868164,9.320101370197949e-06,1825.4
M4_K64_res128,25400,0.38636499643325806,0.2086920440196991,0.1148747131228447,0.25119298696517944,45.58451843261719,9.124933921519913e-06,1829.1
M4_K64_res128,25450,0.21672016382217407,0.1370612382888794,0.01392840500921011,0.262922078371048,41.90770721435547,8.931699169787504e-06,1832.6
M4_K64_res128,25500,0.37462031841278076,0.2043546885251999,0.12564118206501007,0.1784978210926056,43.430057525634766,8.740402784281013e-06,1836.2
M4_K64_res128,25550,0.2688276469707489,0.16642530262470245,0.03884293511509895,0.25423765182495117,38.41859817504883,8.551050377411364e-06,1840.0
M4_K64_res128,25600,0.4865291118621826,0.25662365555763245,0.1778251826763153,0.20832106471061707,38.13876724243164,8.363647504555429e-06,1843.8
M4_K64_res128,25650,0.23120199143886566,0.13407127559185028,0.04191010445356369,0.22088249027729034,45.663570404052734,8.178199663893036e-06,1847.3
M4_K64_res128,25700,0.3996596038341522,0.22269722819328308,0.12536711990833282,0.2063809633255005,44.8843879699707,7.994712296245698e-06,1850.9
M4_K64_res128,25750,0.26161980628967285,0.1477380394935608,0.056485842913389206,0.229583740234375,40.28064727783203,7.813190784916915e-06,1854.6
M4_K64_res128,25800,0.20547491312026978,0.13521358370780945,0.010140137746930122,0.24048475921154022,41.60992431640625,7.633640455534284e-06,1858.3
M4_K64_res128,25850,0.23458680510520935,0.14570122957229614,0.03347199782729149,0.2216542661190033,38.32406997680664,7.456066575893274e-06,1861.8
M4_K64_res128,25900,0.32275861501693726,0.18559998273849487,0.0802670568227768,0.2275662124156952,45.89881134033203,7.280474355802618e-06,1865.4
M4_K64_res128,25950,0.44381260871887207,0.2530241012573242,0.12682145833969116,0.25586819648742676,46.2653923034668,7.10686894693149e-06,1869.1
M4_K64_res128,26000,0.19727328419685364,0.1218784749507904,0.020485982298851013,0.21963530778884888,40.58222198486328,6.935255442658344e-06,1872.7
M4_K64_res128,26050,0.23577529191970825,0.14116999506950378,0.04361691325902939,0.20395353436470032,44.97744369506836,6.765638877921545e-06,1876.4
M4_K64_res128,26100,0.35047394037246704,0.19392690062522888,0.10024730861186981,0.22519904375076294,41.42842102050781,6.598024229071541e-06,1880.0
M4_K64_res128,26150,0.20252178609371185,0.13100147247314453,0.01592264138162136,0.22239071130752563,43.26287841796875,6.432416413724997e-06,1883.8
M4_K64_res128,26200,0.20663169026374817,0.13048651814460754,0.018556416034698486,0.23035499453544617,44.31508255004883,6.268820290620366e-06,1887.3
M4_K64_res128,26250,0.43129870295524597,0.23714807629585266,0.136179119348526,0.23188607394695282,44.01731491088867,6.107240659475454e-06,1890.8
M4_K64_res128,26300,0.23185601830482483,0.14869192242622375,0.03525081276893616,0.19165313243865967,46.96625518798828,5.947682260846559e-06,1894.4
M4_K64_res128,26350,0.2648913860321045,0.15897206962108612,0.053516071289777756,0.20961299538612366,47.100303649902344,5.790149775989422e-06,1898.1
M4_K64_res128,26400,0.19400961697101593,0.12217045575380325,0.023170581087470055,0.1946743130683899,42.413978576660156,5.634647826721797e-06,1901.6
M4_K64_res128,26450,0.3821507692337036,0.2113296091556549,0.1164272353053093,0.21757560968399048,40.775123596191406,5.481180975287991e-06,1905.2
M4_K64_res128,26500,0.3461526334285736,0.19581036269664764,0.10161630809307098,0.1949038803577423,46.12678146362305,5.329753724224864e-06,1908.8
M4_K64_res128,26550,0.3815912902355194,0.21156653761863708,0.1219722256064415,0.19221007823944092,43.464683532714844,5.180370516229818e-06,1912.6
M4_K64_res128,26600,0.23332926630973816,0.14016203582286835,0.04145266115665436,0.206858292222023,43.153316497802734,5.033035734030483e-06,1916.1
M4_K64_res128,26650,0.2341495156288147,0.15153253078460693,0.025837251916527748,0.22711893916130066,43.920555114746094,4.887753700256023e-06,1919.7
M4_K64_res128,26700,0.2247188836336136,0.13623932003974915,0.03568272665143013,0.21118737757205963,44.51451873779297,4.744528677310408e-06,1923.3
M4_K64_res128,26750,0.2203499972820282,0.13980773091316223,0.024617258459329605,0.22370007634162903,46.086769104003906,4.60336486724732e-06,1926.9
M4_K64_res128,26800,0.20809561014175415,0.13198745250701904,0.014275766909122467,0.24732962250709534,40.66042709350586,4.46426641164691e-06,1930.4
M4_K64_res128,26850,0.35032540559768677,0.19941142201423645,0.09410770237445831,0.22722503542900085,41.560211181640625,4.3272373914941985e-06,1933.8
M4_K64_res128,26900,0.3135024309158325,0.18005701899528503,0.07875990867614746,0.21874207258224487,46.853240966796875,4.192281827059482e-06,1937.5
M4_K64_res128,26950,0.505890965461731,0.2733287215232849,0.18000204861164093,0.21024072170257568,34.111000061035156,4.059403677780232e-06,1941.1
M4_K64_res128,27000,0.24422197043895721,0.1469191312789917,0.04914376884698868,0.19263631105422974,42.59035873413086,3.928606842145046e-06,1944.6
M4_K64_res128,27050,0.3850404918193817,0.20841825008392334,0.12926632165908813,0.18942368030548096,39.849525451660156,3.7998951575792273e-06,1948.3
M4_K64_res128,27100,0.42731618881225586,0.2323659062385559,0.1462124139070511,0.19495156407356262,40.254600524902344,3.673272400332181e-06,1952.1
M4_K64_res128,27150,0.23215021193027496,0.1435249000787735,0.02602693997323513,0.25039350986480713,43.46574401855469,3.548742285366635e-06,1955.6
M4_K64_res128,27200,0.19115392863750458,0.12007138133049011,0.020079728215932846,0.20401126146316528,38.515811920166016,3.4263084662496885e-06,1959.1
M4_K64_res128,27250,0.3468283712863922,0.2043786495923996,0.08061151951551437,0.24735280871391296,47.26365280151367,3.3059745350455554e-06,1962.6
M4_K64_res128,27300,0.286968857049942,0.16892096400260925,0.0626339390873909,0.22165587544441223,45.25566482543945,3.1877440222102368e-06,1966.3
M4_K64_res128,27350,0.21724414825439453,0.13144448399543762,0.03713732957839966,0.19464930891990662,44.6594123840332,3.071620396487884e-06,1969.8
M4_K64_res128,27400,0.2885928750038147,0.1728488653898239,0.05733635276556015,0.23363061249256134,46.161460876464844,2.9576070648090754e-06,1973.3
M4_K64_res128,27450,0.27942955493927,0.16881152987480164,0.06104443967342377,0.19829437136650085,46.01232147216797,2.845707372190842e-06,1976.8
M4_K64_res128,27500,0.24620817601680756,0.1445661336183548,0.050731297582387924,0.20364296436309814,42.710411071777344,2.7359246016385257e-06,1980.5
M4_K64_res128,27550,0.19773800671100616,0.12403086572885513,0.011191386729478836,0.2500630021095276,42.64142608642578,2.628261974049484e-06,1984.2
M4_K64_res128,27600,0.3508419990539551,0.19724035263061523,0.09319406002759933,0.24163036048412323,46.7342643737793,2.5227226481185304e-06,1987.7
M4_K64_res128,27650,0.36530593037605286,0.20415008068084717,0.10432673990726471,0.2273164987564087,42.84907150268555,2.419309720245369e-06,1991.3
M4_K64_res128,27700,0.36157897114753723,0.2014274001121521,0.11595340073108673,0.1767926961183548,40.245174407958984,2.318026224443631e-06,1995.0
M4_K64_res128,27750,0.36299431324005127,0.20092050731182098,0.11357683688402176,0.1939878761768341,46.8681526184082,2.2188751322519487e-06,1998.6
M4_K64_res128,27800,0.17819729447364807,0.12104842811822891,0.0,0.22859549522399902,42.894691467285156,2.1218593526467155e-06,2002.1
M4_K64_res128,27850,0.36429429054260254,0.2050459235906601,0.10399831086397171,0.22100019454956055,44.19614791870117,2.026981731956803e-06,2005.8
M4_K64_res128,27900,0.2597535252571106,0.1627919226884842,0.04162009805440903,0.22136607766151428,42.87019348144531,1.9342450537799563e-06,2009.4
M4_K64_res128,27950,0.3326578140258789,0.18879371881484985,0.09369572252035141,0.20067349076271057,41.39896774291992,1.8436520389012554e-06,2012.9
M4_K64_res128,28000,0.28092536330223083,0.1568564921617508,0.0766238272190094,0.18978020548820496,42.297950744628906,1.7552053452131564e-06,2016.4
M4_K64_res128,28050,0.2599787414073944,0.14704805612564087,0.05704381689429283,0.22354750335216522,41.7176628112793,1.6689075676376285e-06,2020.3
M4_K64_res128,28100,0.2466297745704651,0.14934515953063965,0.03571302816271782,0.2462863326072693,40.390480041503906,1.5847612380499475e-06,2023.9
M4_K64_res128,28150,0.2731280028820038,0.16562852263450623,0.04569689556956291,0.24721035361289978,41.72346115112305,1.5027688252044146e-06,2027.5
M4_K64_res128,28200,0.4355414807796478,0.2364548146724701,0.14435383677482605,0.21893128752708435,42.0942268371582,1.4229327346619968e-06,2031.0
M4_K64_res128,28250,0.32149145007133484,0.1851312518119812,0.07807236164808273,0.23315131664276123,45.32078552246094,1.345255308719667e-06,2034.8
M4_K64_res128,28300,0.38163915276527405,0.2227490395307541,0.10416819900274277,0.21888768672943115,44.244659423828125,1.269738826341718e-06,2038.4
M4_K64_res128,28350,0.22720807790756226,0.14060258865356445,0.03461286053061485,0.2079704850912094,42.068904876708984,1.1963855030929059e-06,2041.9
M4_K64_res128,28400,0.2168053388595581,0.13635578751564026,0.021218551322817802,0.23692399263381958,44.255680084228516,1.1251974910734457e-06,2045.5
M4_K64_res128,28450,0.22818389534950256,0.13937267661094666,0.037751950323581696,0.20423713326454163,41.80942916870117,1.0561768788558772e-06,2049.2
M4_K64_res128,28500,0.25147274136543274,0.14571738243103027,0.05111504718661308,0.21856123208999634,41.32424545288086,9.893256914237646e-07,2052.7
M4_K64_res128,28550,0.1910022497177124,0.12301427125930786,0.016351696103811264,0.2065451294183731,47.788116455078125,9.246458901122938e-07,2056.5
M4_K64_res128,28600,0.23161724209785461,0.14522811770439148,0.03739910200238228,0.19596010446548462,50.3776969909668,8.621393725507686e-07,2060.1
M4_K64_res128,28650,0.24470600485801697,0.15040767192840576,0.03638668358325958,0.2316465675830841,41.64533615112305,8.0180797260688e-07,2063.9
M4_K64_res128,28700,0.21108877658843994,0.1339990496635437,0.023655688390135765,0.2137361466884613,38.18829345703125,7.436534603329158e-07,2067.5
M4_K64_res128,28750,0.25690802931785583,0.15767690539360046,0.0518384724855423,0.1895706206560135,45.4857177734375,6.876775419138614e-07,2071.0
M4_K64_res128,28800,0.32724902033805847,0.19609850645065308,0.07691647857427597,0.21693606674671173,45.506717681884766,6.338818596173218e-07,2074.7
M4_K64_res128,28850,0.4026784300804138,0.22366005182266235,0.12896877527236938,0.20019835233688354,42.77546691894531,5.822679917453194e-07,2078.4
M4_K64_res128,28900,0.20977866649627686,0.11656265705823898,0.051787715405225754,0.16571319103240967,45.98955154418945,5.328374525880391e-07,2081.9
M4_K64_res128,28950,0.16265064477920532,0.11741882562637329,0.0,0.1809273064136505,44.626502990722656,4.85591692379339e-07,2085.4
M4_K64_res128,29000,0.37975865602493286,0.21635311841964722,0.10556267201900482,0.23137134313583374,44.343048095703125,4.405320972542509e-07,2089.1
M4_K64_res128,29050,0.23280905187129974,0.14455214142799377,0.03844621405005455,0.19924277067184448,45.358543395996094,3.9765998920827936e-07,2092.9
M4_K64_res128,29100,0.5548738837242126,0.301678329706192,0.19569267332553864,0.2300114631652832,43.01237869262695,3.569766260586582e-07,2096.4
M4_K64_res128,29150,0.37039923667907715,0.20195189118385315,0.11415737122297287,0.2171599268913269,47.577152252197266,3.184832014073879e-07,2099.9
M4_K64_res128,29200,0.19416552782058716,0.116613008081913,0.029875917360186577,0.19070640206336975,46.23810958862305,2.82180844606264e-07,2103.6
M4_K64_res128,29250,0.22433575987815857,0.1374635398387909,0.03465254232287407,0.20887869596481323,43.4969367980957,2.4807062072374486e-07,2107.1
M4_K64_res128,29300,0.2533477246761322,0.16194480657577515,0.03586358204483986,0.22215735912322998,41.91344451904297,2.1615353051366858e-07,2110.6
M4_K64_res128,29350,0.3865393400192261,0.21655617654323578,0.11105974018573761,0.23569363355636597,45.31554412841797,1.8643051038590983e-07,2114.1
M4_K64_res128,29400,0.2412753701210022,0.1467139571905136,0.03897222504019737,0.22235676646232605,41.68180847167969,1.5890243237891842e-07,2117.8
M4_K64_res128,29450,0.2588905394077301,0.16157904267311096,0.04546794667840004,0.2073741853237152,45.98307418823242,1.3357010413411473e-07,2121.4
M4_K64_res128,29500,0.38332051038742065,0.21008366346359253,0.12674221396446228,0.18597859144210815,46.398868560791016,1.1043426887221706e-07,2124.9
M4_K64_res128,29550,0.4000992774963379,0.20795461535453796,0.14383956789970398,0.19322040677070618,47.51957321166992,8.949560537141743e-08,2128.6
M4_K64_res128,29600,0.2915886342525482,0.1716805249452591,0.0725770965218544,0.1893240511417389,43.79043197631836,7.075472794745573e-08,2132.2
M4_K64_res128,29650,0.4143737554550171,0.2274015098810196,0.13155153393745422,0.2216828167438507,43.01448440551758,5.4212186435642626e-08,2135.7
M4_K64_res128,29700,0.36559075117111206,0.20548486709594727,0.11433681845664978,0.18307626247406006,41.85993576049805,3.986846617468897e-08,2139.2
M4_K64_res128,29750,0.19294442236423492,0.1278960108757019,0.015670040622353554,0.19751346111297607,43.39335632324219,2.7723987992459008e-08,2142.8
M4_K64_res128,29800,0.2136254906654358,0.13642744719982147,0.022967621684074402,0.21692168712615967,42.739219665527344,1.777910819367179e-08,2146.5
M4_K64_res128,29850,0.46712568402290344,0.26062214374542236,0.1410435289144516,0.26183998584747314,43.04157638549805,1.0034118549401281e-08,2150.0
M4_K64_res128,29900,0.2507791221141815,0.14957277476787567,0.051392633467912674,0.19925490021705627,38.59851837158203,4.489246288516546e-09,2153.6
M4_K64_res128,29950,0.21866470575332642,0.1337418109178543,0.03862607479095459,0.18518725037574768,45.017452239990234,1.1446540910620139e-09,2157.3
M4_K64_res128,30000,0.21717631816864014,0.1355634331703186,0.02866980992257595,0.21177229285240173,43.409423828125,4.4008342803270033e-13,2160.8
